Binomial.1.2,Upham_TipLabel,Alvarez.Carretero_Tiplabel,Order.1.2,Family.1.2,Genus.1.2,Species.1.2,Pupil,Diel,Flexible,avg_mass_g,Slit,Genus_Diet_4,Genus_Diet_3,Orbit_Verticality,OrbitVerticality_ref.,Height,Height reference 
Poiana_leightoni,Poiana_leightoni,poiana_richardsonii,Carnivora,Viverridae,Poiana,leightoni,Vertical,Nocturnal,0,550,1,Mixed,Mixed,58.1,Heesy (2005),143,Frasier (2015)
Genetta_abyssinica,Genetta_abyssinica,genetta_pardina,Carnivora,Viverridae,Genetta,abyssinica,Vertical,Nocturnal,0,2130.714286,1,Carnivore,Carnivore,57.92,Heesy (2005),196,Frasier (2015)
Arctogalidia_trivirgata,Arctogalidia_trivirgata,arctogalidia_trivirgata,Carnivora,Viverridae,Arctogalidia,trivirgata,Vertical,Nocturnal,0,2250,1,Carnivore,Carnivore,67.1,Heesy (2005),197,Frasier (2015)
Hemigalus_derbyanus,Hemigalus_derbyanus,hemigalus_derbyanus,Carnivora,Viverridae,Hemigalus,derbyanus,Vertical,Nocturnal,0,2322.5,1,Insectivore,Carnivore,60.1,Heesy (2005),204,Frasier (2015)
Viverricula_indica,Viverricula_indica,viverricula_indica,Carnivora,Viverridae,Viverricula,indica,Vertical,Nocturnal,0,2908.4,1,Carnivore,Carnivore,59.1,Heesy (2005),229,Frasier (2015)
Vulpes_bengalensis,Vulpes_bengalensis,vulpes_vulpes,Carnivora,Canidae,Vulpes,bengalensis,Vertical,Nocturnal,1,2934.691667,1,Carnivore,Carnivore,58.6,Heesy (2005),252,Frasier (2015)
Ailurus_fulgens,Ailurus_fulgens,ailurus_fulgens,Carnivora,Ailuridae,Ailurus,fulgens,Vertical,Cathemeral,,4900,1,Herbivore,Herbivore,62.7,Heesy (2005),278,Frasier (2015)
Paguma_larvata,Paguma_larvata,paguma_larvata,Carnivora,Viverridae,Paguma,larvata,Vertical,Nocturnal,1,4300,1,Carnivore,Carnivore,61.8,Heesy (2005),282,Frasier (2015)
Otocyon_megalotis,Otocyon_megalotis,otocyon_megalotis,Carnivora,Canidae,Otocyon,megalotis,Vertical,Nocturnal,1,4150,1,Insectivore,Carnivore,64,Heesy (2005),297,Frasier (2015)
Urocyon_cinereoargenteus,Urocyon_cinereoargenteus,urocyon_cinereoargenteus,Carnivora,Canidae,Urocyon,cinereoargenteus,Vertical,Nocturnal,1,2864.85,1,Herbivore,Herbivore,66.2,Heesy (2005),315,Frasier (2015)
Nyctereutes_procyonoides,Nyctereutes_procyonoides,nyctereutes_procyonoides,Carnivora,Canidae,Nyctereutes,procyonoides,Vertical,Nocturnal,1,4040,1,Mixed,Carnivore,61.5,Heesy (2005),319,Frasier (2015)
Neofelis_diardi,Neofelis_diardi,neofelis_nebulosa,Carnivora,Felidae,Neofelis,diardi,Vertical,Nocturnal,1,20500,1,Carnivore,Carnivore,55.1,Heesy (2005),325,Frasier (2015)
Leopardus_colocolo,Leopardus_colocolo,leopardus_colocolo,Carnivora,Felidae,Leopardus,colocolo,Vertical,Nocturnal,1,4874.9125,1,Carnivore,Carnivore,65.5,Heesy (2005),331,Frasier (2015)
Felis_bieti,Felis_bieti,felis_catus,Carnivora,Felidae,Felis,bieti,Vertical,Nocturnal,0,4893.6,1,Carnivore,Carnivore,64,Heesy (2005),335,Frasier (2015)
Prionailurus_bengalensis,Prionailurus_bengalensis,prionailurus_bengalensis,Carnivora,Felidae,Prionailurus,bengalensis,Vertical,Nocturnal,1,5143.675,1,Carnivore,Carnivore,63.72,Heesy (2005),343,Frasier (2015)
Viverra_civettina,Viverra_civettina,viverra_tangalunga,Carnivora,Viverridae,Viverra,civettina,Vertical,Nocturnal,1,9607.2,1,Carnivore,Carnivore,57.8,Heesy (2005),355,Frasier (2015)
Arctictis_binturong,Arctictis_binturong,arctictis_binturong,Carnivora,Viverridae,Arctictis,binturong,Vertical,Cathemeral,,9875,1,Herbivore,Herbivore,61.9,Heesy (2005),366,Frasier (2015)
Cryptoprocta_ferox,Cryptoprocta_ferox,cryptoprocta_ferox,Carnivora,Eupleridae,Cryptoprocta,ferox,Vertical,Cathemeral,,9500,1,Carnivore,Carnivore,62.1,Heesy (2005),370,Frasier (2015)
Civettictis_civetta,Civettictis_civetta,civettictis_civetta,Carnivora,Viverridae,Civettictis,civetta,Vertical,Nocturnal,1,12000,1,Carnivore,Carnivore,60.5,Heesy (2005),400,Frasier (2015)
Nandinia_binotata,Nandinia_binotata,nandinia_binotata,Carnivora,Nandiniidae,Nandinia,binotata,Vertical,Nocturnal,0,2000,1,Herbivore,Herbivore,64.5,Heesy (2005),400,Frasier (2015)
Proteles_cristata,Proteles_cristata,proteles_cristatus,Carnivora,Hyaenidae,Proteles,cristata,Vertical,Nocturnal,1,10000,1,Insectivore,Carnivore,66.5,Heesy (2005),450,Frasier (2015)
Cuon_alpinus,Cuon_alpinus,cuon_alpinus,Carnivora,Canidae,Cuon,alpinus,Round,Cathemeral,,12760,,Carnivore,Carnivore,61.3,Heesy (2005),500,Frasier (2015)
Canis_adustus,Canis_adustus,canis_lupus,Carnivora,Canidae,Canis,adustus,Round,Nocturnal,1,15381.12857,,Carnivore,Carnivore,58.5,Heesy (2005),564,Frasier (2015)
Lycaon_pictus,Lycaon_pictus,lycaon_pictus,Carnivora,Canidae,Lycaon,pictus,Round,Crepuscular,,22050.1,,Carnivore,Carnivore,62.7,Heesy (2005),574,Frasier (2015)
Lynx_canadensis,Lynx_canadensis,lynx_canadensis,Carnivora,Felidae,Lynx,canadensis,Vertical,Nocturnal,1,11406.825,0,Carnivore,Carnivore,59.9,Heesy (2005),585,Frasier (2015)
Hyaena_hyaena,Hyaena_hyaena,hyaena_hyaena,Carnivora,Hyaenidae,Hyaena,hyaena,Vertical,Nocturnal,0,41705.1,1,Carnivore,Carnivore,65.8,Heesy (2005),760,Frasier (2015)
Panthera_leo,Panthera_leo,panthera_leo,Carnivora,Felidae,Panthera,leo,Round,Nocturnal,1,104645.96,,Carnivore,Carnivore,55.97,Heesy (2005),783,Frasier (2015)
Acinonyx_jubatus,Acinonyx_jubatus,acinonyx_jubatus,Carnivora,Felidae,Acinonyx,jubatus,Round,Nocturnal,1,46700,,Carnivore,Carnivore,64.2,Heesy (2005),800,Frasier (2015)
Crocuta_crocuta,Crocuta_crocuta,crocuta_crocuta,Carnivora,Hyaenidae,Crocuta,crocuta,Vertical,Nocturnal,1,62999.9,1,Carnivore,Carnivore,63.2,Heesy (2005),808,Frasier (2015)
Trichosurus_caninus,Trichosurus_caninus,trichosurus_caninus,Diprotodontia,Phalangeridae,Trichosurus,caninus,Round,Nocturnal,0,3140,,Herbivore,Herbivore,44.25,Heesy (2005),,
Phalanger_gymnotis,Phalanger_gymnotis,phalanger_gymnotis,Diprotodontia,Phalangeridae,Phalanger,gymnotis,Vertical,Nocturnal,0,1936.692308,0,Herbivore,Herbivore,47.14,Heesy (2005),,
Macroscelides_flavicaudatus,Macroscelides_flavicaudatus,macroscelides_proboscideus,Macroscelidea,Macroscelididae,Macroscelides,flavicaudatus,Vertical,Crepuscular,,35.2,1,Insectivore,Carnivore,47.4,Heesy (2005),,
Metachirus_nudicaudatus,Metachirus_nudicaudatus,metachirus_nudicaudatus,Didelphimorphia,Didelphidae,Metachirus,nudicaudatus,Round,Nocturnal,0,375,,Carnivore,Carnivore,49.3,Heesy (2005),,
Didelphis_albiventris,Didelphis_albiventris,didelphis_albiventris,Didelphimorphia,Didelphidae,Didelphis,albiventris,Round,Nocturnal,0,1227.816667,,Carnivore,Carnivore,49.87,Heesy (2005),,
Philander_andersoni,Philander_andersoni,philander_mcilhennyi,Didelphimorphia,Didelphidae,Philander,andersoni,Round,Nocturnal,0,334.5,,Mixed,Carnivore,50.15,Heesy (2005),,
Elephantulus_fuscipes,Elephantulus_fuscipes,elephantulus_brachyrhynchus,Macroscelidea,Macroscelididae,Elephantulus,fuscipes,Vertical,Crepuscular,,93.07272727,1,Insectivore,Carnivore,51.6,Heesy (2005),,
Pseudocheirus_occidentalis,Pseudocheirus_occidentalis,pseudocheirus_peregrinus,Diprotodontia,Pseudocheiridae,Pseudocheirus,occidentalis,Round,Nocturnal,0,943.75,,Herbivore,Herbivore,52.05,Heesy (2005),,
Monodelphis_domestica,Monodelphis_domestica,monodelphis_domestica,Didelphimorphia,Didelphidae,Monodelphis,domestica,Round,Nocturnal,0,94.75882353,,Mixed,Carnivore,53,Heesy (2005),,
Perodicticus_edwardsi,Perodicticus_potto,perodicticus_potto,Primates,Lorisidae,Perodicticus,edwardsi,Vertical,Nocturnal,0,1108,0,Herbivore,Herbivore,53.6,Heesy (2005),,
Arctocebus_aureus,Arctocebus_aureus,arctocebus_aureus,Primates,Lorisidae,Arctocebus,aureus,Vertical,Nocturnal,0,222.5,0,Insectivore,Carnivore,56.1,Heesy (2005),,
Caluromys_derbianus,Caluromys_derbianus,caluromys_derbianus,Didelphimorphia,Didelphidae,Caluromys,derbianus,Round,Nocturnal,1,283.7666667,,Herbivore,Herbivore,56.7,Heesy (2005),,
Lutreolina_crassicaudata,Lutreolina_crassicaudata,lutreolina_crassicaudata,Didelphimorphia,Didelphidae,Lutreolina,crassicaudata,Round,Nocturnal,1,410.65,,Carnivore,Carnivore,59.2,Heesy (2005),,
Marmosa_mexicana,Marmosa_mexicana,marmosa_murina,Didelphimorphia,Didelphidae,Marmosa,mexicana,Round,Nocturnal,0,62.28666667,,Mixed,Carnivore,60.3,Heesy (2005),,
Otolemur_crassicaudatus,Otolemur_crassicaudatus,otolemur_crassicaudatus,Primates,Galagidae,Otolemur,crassicaudatus,Vertical,Nocturnal,0,1130,0,Herbivore,Herbivore,60.3,Heesy (2005),,
Cheirogaleus_crossleyi,Cheirogaleus_crossleyi,cheirogaleus_major,Primates,Cheirogaleidae,Cheirogaleus,crossleyi,Vertical,Nocturnal,0,298.28,0,Herbivore,Herbivore,60.5,Heesy (2005),,
Loris_lydekkerianus,Loris_lydekkerianus,loris_tardigradus,Primates,Lorisidae,Loris,lydekkerianus,Vertical,Nocturnal,0,231.35,0,Insectivore,Carnivore,62.5,Heesy (2005),,
Microcebus_mamiratra,Microcebus_mamiratra,microcebus_mamiratra,Primates,Cheirogaleidae,Microcebus,mamiratra,Vertical,Nocturnal,0,54.545,0,Mixed,Carnivore,63.3,Heesy (2005),,
Nycticebus_bengalensis,Nycticebus_bengalensis,nycticebus_bengalensis,Primates,Lorisidae,Nycticebus,bengalensis,Vertical,Nocturnal,0,962.1,0,Herbivore,Herbivore,63.5,Heesy (2005),,
Aotus_azarae,Aotus_azarae,aotus_brumbacki,Primates,Aotidae,Aotus,azarae,Round,Nocturnal,0,890.7727273,,Herbivore,Herbivore,67.5,Heesy (2005),,
Daubentonia_madagascariensis,Daubentonia_madagascariensis,daubentonia_madagascariensis,Primates,Daubentoniidae,Daubentonia,madagascariensis,Round,Nocturnal,0,2500,,Herbivore,Herbivore,67.5,Heesy (2005),,
Galago_gallarum,Galago_gallarum,galago_alleni,Primates,Galagidae,Galago,gallarum,Vertical,Nocturnal,0,211.925,0,Herbivore,Herbivore,67.65,Heesy (2005),,
Lepilemur_leucopus,Lepilemur_leucopus,lepilemur_dorsalis,Primates,Lepilemuridae,Lepilemur,leucopus,Vertical,Nocturnal,0,842.4923077,0,Herbivore,Herbivore,68.6,Heesy (2005),,
Avahi_betsileo,Avahi_betsileo,avahi_laniger,Primates,Indriidae,Avahi,betsileo,Vertical,Nocturnal,0,973.3333333,0,Herbivore,Herbivore,68.8,Heesy (2005),,
Galagoides_rondoensis,Galagoides_rondoensis,galagoides_orinus,Primates,Galagidae,Galagoides,rondoensis,Vertical,Nocturnal,0,106.3142857,0,Insectivore,Carnivore,69.9,Heesy (2005),,
Puma_concolor,Puma_concolor,puma_concolor,Carnivora,Felidae,Puma,concolor,Round,Nocturnal,1,51600,,Carnivore,Carnivore,63.6,This study,650,Frasier (2015)
Arvicola_scherman,Arvicola_scherman,arvicola_sapidus,Rodentia,Cricetidae,Arvicola,scherman,Round,Cathemeral,,180.8333333,,Herbivore,Herbivore,37.95,This study,,
Praomys_daltoni,Praomys_daltoni,praomys_daltoni,Rodentia,Muridae,Praomys,daltoni,Round,Nocturnal,0,42.43125,,Herbivore,Herbivore,45.2,This study,,
Uromys_caudimaculatus,Uromys_caudimaculatus,uromys_caudimaculatus,Rodentia,Muridae,Uromys,caudimaculatus,Round,Nocturnal,0,531.07,,Herbivore,Herbivore,46.2,This study,,
Vombatus_ursinus,Vombatus_ursinus,vombatus_ursinus,Diprotodontia,Vombatidae,Vombatus,ursinus,Round,Nocturnal,1,26000,,Herbivore,Herbivore,47.7,This study,,
Sundamys_maxi,Sundamys_maxi,sundamys_muelleri,Rodentia,Muridae,Sundamys,maxi,Round,Nocturnal,0,351.7333333,,Herbivore,Herbivore,49.94,This study,,
Apodemus_agrarius,Apodemus_agrarius,apodemus_agrarius,Rodentia,Muridae,Apodemus,agrarius,Round,Nocturnal,0,31,,Herbivore,Herbivore,50.5,This study,,
Oligoryzomys_andinus,Oligoryzomys_andinus,oligoryzomys_andinus,Rodentia,Cricetidae,Oligoryzomys,andinus,Round,Nocturnal,0,22.8,,Herbivore,Herbivore,51.4,This study,,
Cricetomys_gambianus,Cricetomys_gambianus,cricetomys_emini,Rodentia,Nesomyidae,Cricetomys,gambianus,Round,Nocturnal,0,1285.5,,Herbivore,Herbivore,51.6,This study,,
Rattus_norvegicus,Rattus_norvegicus,rattus_norvegicus,Rodentia,Muridae,Rattus,norvegicus,Round,Nocturnal,0,171.5609375,,Herbivore,Herbivore,52,This study,,
Mus_musculus,Mus_musculus,mus_musculus,Rodentia,Muridae,Mus,musculus,Round,Nocturnal,0,15.12820513,,Herbivore,Herbivore,52.2,This study,,
Aethomys_namaquensis,Aethomys_namaquensis,aethomys_chrysophilus,Rodentia,Muridae,Aethomys,namaquensis,Round,Nocturnal,0,85.57272727,,Herbivore,Herbivore,52.4,This study,,
Pseudochirops_albertisii,Pseudochirops_albertisii,pseudochirops_albertisii,Diprotodontia,Pseudocheiridae,Pseudochirops,albertisii,Vertical,Nocturnal,0,1244.78,1,Herbivore,Herbivore,53.26,This study,,
Grammomys_aridulus,Grammomys_aridulus,grammomys_dolichurus,Rodentia,Muridae,Grammomys,aridulus,Round,Nocturnal,0,41.15,,Herbivore,Herbivore,53.5,This study,,
Melomys_caurinus,Melomys_caurinus,melomys_cervinipes,Rodentia,Muridae,Melomys,caurinus,Round,Nocturnal,0,85.67619048,,Herbivore,Herbivore,53.5,This study,,
Sminthopsis_crassicaudata,Sminthopsis_crassicaudata,sminthopsis_crassicaudata,Dasyuromorphia,Dasyuridae,Sminthopsis,crassicaudata,Round,Nocturnal,0,21.24,,Insectivore,Carnivore,54.3,This study,,
Nesomys_audeberti,Nesomys_audeberti,nesomys_audeberti,Rodentia,Nesomyidae,Nesomys,audeberti,Round,Diurnal,,176.6666667,,Herbivore,Herbivore,54.3,This study,,
Oecomys_auyantepui,Oecomys_auyantepui,oecomys_auyantepui,Rodentia,Cricetidae,Oecomys,auyantepui,Round,Nocturnal,0,63.58666667,,Herbivore,Herbivore,55.2,This study,,
Lasiorhinus_krefftii,Lasiorhinus_krefftii,lasiorhinus_krefftii,Diprotodontia,Vombatidae,Lasiorhinus,krefftii,Vertical,Nocturnal,0,28475,0,Herbivore,Herbivore,55.4,This study,,
Lagidium_wolffsohni,Lagidium_wolffsohni,lagidium_viscacia,Rodentia,Chinchillidae,Lagidium,wolffsohni,Vertical,Diurnal,,2074,1,Herbivore,Herbivore,55.5,This study,,
Microcavia_australis,Microcavia_australis,microcavia,Rodentia,Caviidae,Microcavia,australis,Vertical,Diurnal,,242.1,0,Herbivore,Herbivore,56.04,This study,,
Chinchilla_lanigera,Chinchilla_lanigera,chinchilla_lanigera,Rodentia,Chinchillidae,Chinchilla,lanigera,Vertical,Nocturnal,1,458.5,1,Herbivore,Herbivore,56.6,This study,,
Thrichomys_laurentius,Thrichomys_laurentius,thrichomys_inermis,Rodentia,Echimyidae,Thrichomys,laurentius,Vertical,Crepuscular,,327.025,0,Herbivore,Herbivore,58.7,This study,,
Sundasciurus_tenuis,Sundasciurus_tenuis,sundasciurus_brookei,Rodentia,Sciuridae,Sundasciurus,tenuis,Horizontal,Diurnal,,200.3133333,,Herbivore,Herbivore,,This study,,
Proechimys_simonsi,Proechimys_simonsi,proechimys_simonsi,Rodentia,Echimyidae,Proechimys,simonsi,Vertical,Nocturnal,0,277.0590909,1,Herbivore,Herbivore,59.9,This study,,
Echimys_chrysurus,Echimys_chrysurus,echimys_chrysurus,Rodentia,Echimyidae,Echimys,chrysurus,Vertical,Nocturnal,0,596.4,1,Herbivore,Herbivore,62.2,This study,,
Hydrochoerus_hydrochaeris,Hydrochoerus_hydrochaeris,hydrochoerus_hydrochaeris,Rodentia,Caviidae,Hydrochoerus,hydrochaeris,Vertical,Cathemeral,,48724.8,0,Herbivore,Herbivore,62.6,This study,,
Myocastor_coypus,Myocastor_coypus,myocastor_coypus,Rodentia,Echimyidae,Myocastor,coypus,Vertical,Nocturnal,0,6937.5,1,Herbivore,Herbivore,65.2,This study,,
Meriones_unguiculatus,Meriones_unguiculatus,meriones_unguiculatus,Rodentia,Muridae,Meriones,unguiculatus,Vertical,Nocturnal,0,101.5823529,1,Herbivore,Herbivore,66.4,This study,,
Pedetes_capensis,Pedetes_capensis,pedetes_capensis,Rodentia,Pedetidae,Pedetes,capensis,Vertical,Nocturnal,0,3327.5,0,Herbivore,Herbivore,66.4,This study,,
Phascolarctos_cinereus,Phascolarctos_cinereus,phascolarctos_cinereus,Diprotodontia,Phascolarctidae,Phascolarctos,cinereus,Vertical,Nocturnal,1,10250,1,Herbivore,Herbivore,66.95,This study,,
Toromys_grandis,Toromys_grandis,toromys_grandis,Rodentia,Echimyidae,Toromys,grandis,Vertical,Nocturnal,0,449.5,1,Herbivore,Herbivore,67.3,This study,,
Dactylomys_boliviensis,Dactylomys_boliviensis,dactylomys_boliviensis,Rodentia,Echimyidae,Dactylomys,boliviensis,Vertical,Nocturnal,0,586.9333333,1,Herbivore,Herbivore,67.5,This study,,
Lepus_alleni,Lepus_alleni,lepus_alleni,Lagomorpha,Leporidae,Lepus,alleni,Vertical,Nocturnal,1,2570.0625,0,Herbivore,Herbivore,69.6,This study,,
Dasyurus_hallucatus,Dasyurus_hallucatus,dasyurus_albopunctatus,Dasyuromorphia,Dasyuridae,Dasyurus,hallucatus,Round,Nocturnal,1,1677.433333,,Insectivore,Carnivore,51.1,Gaillard (2023),,
Sarcophilus_harrisii,Sarcophilus_harrisii,sarcophilus_harrisii,Dasyuromorphia,Dasyuridae,Sarcophilus,harrisii,Vertical,Nocturnal,0,11000,0,Carnivore,Carnivore,72.7,Gaillard (2023),,
Atelocynus_microtis,Atelocynus_microtis,atelocynus_microtis,Carnivora,Canidae,Atelocynus,microtis,Round,Diurnal,,7750,,Carnivore,Carnivore,,,,
Cerdocyon_thous,Cerdocyon_thous,cerdocyon_thous,Carnivora,Canidae,Cerdocyon,thous,Vertical,Nocturnal,1,5240,1,Carnivore,Carnivore,,,,
Chrysocyon_brachyurus,Chrysocyon_brachyurus,chrysocyon_brachyurus,Carnivora,Canidae,Chrysocyon,brachyurus,Round,Nocturnal,1,23249.8,CIRC,Carnivore,Carnivore,,,,
Lycalopex_culpaeus,Pseudalopex_culpaeus,lycalopex_culpaeus,Carnivora,Canidae,Lycalopex,culpaeus,Vertical,Cathemeral,,5831.65,1,Carnivore,Carnivore,,,,
Speothos_venaticus,Speothos_venaticus,speothos_venaticus,Carnivora,Canidae,Speothos,venaticus,Round,Diurnal,,6000,,Carnivore,Carnivore,,,,
Eupleres_goudotii,Eupleres_goudotii,eupleres_goudotii,Carnivora,Eupleridae,Eupleres,goudotii,Vertical,Cathemeral,,2856.05,1,Insectivore,Carnivore,,,,
Fossa_fossana,Fossa_fossana,fossa_fossana,Carnivora,Eupleridae,Fossa,fossana,Vertical,Nocturnal,0,1500,1,Insectivore,Carnivore,,,,
Galidia_elegans,Galidia_elegans,galidia_elegans,Carnivora,Eupleridae,Galidia,elegans,Horizontal,Diurnal,,800,,Carnivore,Carnivore,,,,
Galidictis_fasciata,Galidictis_fasciata,galidictis_fasciata,Carnivora,Eupleridae,Galidictis,fasciata,Horizontal,Nocturnal,0,975,,Carnivore,Carnivore,,,,
Mungotictis_decemlineata,Mungotictis_decemlineata,mungotictis_decemlineata,Carnivora,Eupleridae,Mungotictis,decemlineata,Horizontal,Diurnal,,650,,Insectivore,Carnivore,,,,
Salanoia_concolor,Salanoia_concolor,salanoia_concolor,Carnivora,Eupleridae,Salanoia,concolor,Horizontal,Diurnal,,650,,Insectivore,Carnivore,,,,
Caracal_aurata,Caracal_aurata,caracal_caracal,Carnivora,Felidae,Caracal,aurata,Vertical,Nocturnal,1,12199.95,0,Carnivore,Carnivore,,,,
Catopuma_badia,Catopuma_badia,catopuma_badia,Carnivora,Felidae,Catopuma,badia,Round,Cathemeral,,7000,,Carnivore,Carnivore,,,,
Herpailurus_yagouaroundi,Herpailurus_yagouaroundi,puma_yagouaroundi,Carnivora,Felidae,Herpailurus,yagouaCIRCi,Round,Diurnal,,7874.9,,Carnivore,Carnivore,,,,
Leptailurus_serval,Leptailurus_serval,leptailurus_serval,Carnivora,Felidae,Leptailurus,serval,Vertical,Crepuscular,,12000,1,Carnivore,Carnivore,,,,
Otocolobus_manul,Otocolobus_manul,otocolobus_manul,Carnivora,Felidae,Otocolobus,manul,Round,Crepuscular,,3500,,Carnivore,Carnivore,,,,
Pardofelis_marmorata,Pardofelis_marmorata,pardofelis_marmorata,Carnivora,Felidae,Pardofelis,marmorata,Vertical,Nocturnal,0,2854.3,1,Carnivore,Carnivore,,,,
Bdeogale_crassicauda,Bdeogale_crassicauda,bdeogale_crassicauda,Carnivora,Herpestidae,Bdeogale,crassicauda,Horizontal,Nocturnal,0,2075,,Insectivore,Carnivore,,,,
Crossarchus_alexandri,Crossarchus_alexandri,crossarchus_alexandri,Carnivora,Herpestidae,Crossarchus,alexandri,Horizontal,Diurnal,,1112.5,,Insectivore,Carnivore,,,,
Cynictis_penicillata,Cynictis_penicillata,cynictis_penicillata,Carnivora,Herpestidae,Cynictis,penicillata,Horizontal,Diurnal,,836,,Insectivore,Carnivore,,,,
Dologale_dybowskii,Dologale_dybowskii,helogale_parvula,Carnivora,Herpestidae,Dologale,dybowskii,Horizontal,Nocturnal,1,350,,Insectivore,Carnivore,,,,
Helogale_hirtula,Helogale_hirtula,helogale_hirtula,Carnivora,Herpestidae,Helogale,hirtula,Horizontal,Diurnal,,294.5,,Insectivore,Carnivore,,,,
Herpestes_auropunctatus,Herpestes_brachyurus,herpestes_brachyurus,Carnivora,Herpestidae,Herpestes,auropunctatus,Horizontal,Diurnal,,1840.133333,,Carnivore,Carnivore,,,,
Ichneumia_albicauda,Ichneumia_albicauda,ichneumia_albicauda,Carnivora,Herpestidae,Ichneumia,albicauda,Horizontal,Nocturnal,0,3500,,Insectivore,Carnivore,,,,
Liberiictis_kuhni,Liberiictis_kuhni,liberiictis_kuhni,Carnivora,Herpestidae,Liberiictis,kuhni,Horizontal,Diurnal,,2150,,Insectivore,Carnivore,,,,
Mungos_gambianus,Mungos_gambianus,mungos_mungo,Carnivora,Herpestidae,Mungos,gambianus,Horizontal,Diurnal,,1712.5,,Insectivore,Carnivore,,,,
Paracynictis_selousi,Paracynictis_selousi,paracynictis_selousi,Carnivora,Herpestidae,Paracynictis,selousi,Horizontal,Nocturnal,0,1640,,Insectivore,Carnivore,,,,
Rhynchogale_melleri,Rhynchogale_melleri,rhynchogale_melleri,Carnivora,Herpestidae,Rhynchogale,melleri,Horizontal,Nocturnal,0,2500,,Mixed,Carnivore,,,,
Suricata_suricatta,Suricata_suricatta,suricata_suricatta,Carnivora,Herpestidae,Suricata,suricatta,Horizontal,Diurnal,,725.5,,Insectivore,Carnivore,,,,
Parahyaena_brunnea,Hyaena_brunnea,parahyaena_brunnea,Carnivora,Hyaenidae,Parahyaena,brunnea,Vertical,Nocturnal,1,32200.3,1,Carnivore,Carnivore,,,,
Conepatus_chinga,Conepatus_chinga,conepatus,Carnivora,Mephitidae,Conepatus,chinga,Round,Nocturnal,1,1736.375,,Insectivore,Carnivore,,,,
Mydaus_javanensis,Mydaus_javanensis,mydaus,Carnivora,Mephitidae,Mydaus,javanensis,Round,Nocturnal,1,1957.1,,Insectivore,Carnivore,,,,
Spilogale_angustifrons,Spilogale_angustifrons,spilogale,Carnivora,Mephitidae,Spilogale,angustifrons,Round,Nocturnal,1,371.075,,Mixed,Carnivore,,,,
Arctonyx_albogularis,Arctonyx_collaris,arctonyx_collaris,Carnivora,Mustelidae,Arctonyx,albogularis,Round,Cathemeral,,6789.133333,,Mixed,Carnivore,,,,
Eira_barbara,Eira_barbara,eira_barbara,Carnivora,Mustelidae,Eira,barbara,Horizontal,Diurnal,,3910,,Carnivore,Carnivore,,,,
Galictis_cuja,Galictis_cuja,galictis_cuja,Carnivora,Mustelidae,Galictis,cuja,Round,Diurnal,,2100,,Carnivore,Carnivore,,,,
Gulo_gulo,Gulo_gulo,gulo_gulo,Carnivora,Mustelidae,Gulo,gulo,Horizontal,Nocturnal,1,17012.6,,Carnivore,Carnivore,,,,
Martes_americana,Martes_americana,martes_americana,Carnivora,Mustelidae,Martes,americana,Round,Cathemeral,,1763.2875,,Carnivore,Carnivore,,,,
Meles_meles,Meles_meles,meles_meles,Carnivora,Mustelidae,Meles,meles,Round,Nocturnal,1,10250,,Insectivore,Carnivore,,,,
Mellivora_capensis,Mellivora_capensis,mellivora_capensis,Carnivora,Mustelidae,Mellivora,capensis,Round,Nocturnal,1,8500,,Carnivore,Carnivore,,,,
Melogale_cucphuongensis,Melogale_cucphuongensis,melogale_personata,Carnivora,Mustelidae,Melogale,cucphuongensis,Round,Nocturnal,0,1513.62,,Mixed,Carnivore,,,,
Mustela_erminea,Mustela_erminea,mustela_erminea,Carnivora,Mustelidae,Mustela,erminea,Horizontal,Nocturnal,1,480.8526316,,Carnivore,Carnivore,,,,
Taxidea_taxus,Taxidea_taxus,taxidea_taxus,Carnivora,Mustelidae,Taxidea,taxus,Round,Nocturnal,1,7107.6,,Carnivore,Carnivore,,,,
Vormela_peregusna,Vormela_peregusna,vormela_peregusna,Carnivora,Mustelidae,Vormela,peregusna,Round,Nocturnal,1,450.4,,Carnivore,Carnivore,,,,
Prionodon_linsang,Prionodon_linsang,prionodon_linsang,Carnivora,Prionodontidae,Prionodon,linsang,Vertical,Nocturnal,1,606,1,Carnivore,Carnivore,,,,
Bassaricyon_alleni,Bassaricyon_alleni,bassaricyon_alleni,Carnivora,Procyonidae,Bassaricyon,alleni,Horizontal,Nocturnal,1,1297.625,,Herbivore,Herbivore,,,,
Bassariscus_astutus,Bassariscus_astutus,bassariscus_astutus,Carnivora,Procyonidae,Bassariscus,astutus,Round,Nocturnal,1,1014.75,,Herbivore,Herbivore,,,,
Nasua_nasua,Nasua_nasua,nasua_nasua,Carnivora,Procyonidae,Nasua,nasua,Horizontal,Diurnal,,3911.9,,Mixed,Mixed,,,,
Nasuella_meridensis,Nasuella_meridensis,nasuella_olivacea,Carnivora,Procyonidae,Nasuella,meridensis,Horizontal,Diurnal,,1561.4,,Herbivore,Herbivore,,,,
Potos_flavus,Potos_flavus,potos_flavus,Carnivora,Procyonidae,Potos,flavus,Round,Nocturnal,0,3000,,Herbivore,Herbivore,,,,
Procyon_cancrivorus,Procyon_cancrivorus,procyon_cancrivorus,Carnivora,Procyonidae,Procyon,cancrivorus,Round,Nocturnal,1,5333.3,,Mixed,Carnivore,,,,
Ailuropoda_melanoleuca,Ailuropoda_melanoleuca,ailuropoda_melanoleuca,Carnivora,Ursidae,Ailuropoda,melanoleuca,Vertical,Cathemeral,,108400,1,Herbivore,Herbivore,,,,
Helarctos_malayanus,Helarctos_malayanus,helarctos_malayanus,Carnivora,Ursidae,Helarctos,malayanus,Round,Diurnal,,46500,,Insectivore,Carnivore,,,,
Melursus_ursinus,Melursus_ursinus,melursus_ursinus,Carnivora,Ursidae,Melursus,ursinus,Round,Cathemeral,,93130,,Insectivore,Carnivore,,,,
Ursus_americanus,Ursus_americanus,ursus_americanus,Carnivora,Ursidae,Ursus,americanus,Round,Diurnal,,119323.2667,,Herbivore,Herbivore,,,,
Chrotogale_owstoni,Chrotogale_owstoni,chrotogale_owstoni,Carnivora,Viverridae,Chrotogale,owstoni,Vertical,Nocturnal,0,3250,1,Insectivore,Carnivore,,,,
Cynogale_bennettii,Cynogale_bennettii,cynogale_bennettii,Carnivora,Viverridae,Cynogale,bennettii,Vertical,Nocturnal,1,4500,1,Carnivore,Carnivore,,,,
Diplogale_hosei,Diplogale_hosei,paradoxurus_zeylonensis,Carnivora,Viverridae,Diplogale,hosei,Vertical,Nocturnal,0,1300,1,Insectivore,Carnivore,,,,
Macrogalidia_musschenbroekii,Macrogalidia_musschenbroekii,macrogalidia_musschenbroekii,Carnivora,Viverridae,Macrogalidia,musschenbroekii,Vertical,Nocturnal,0,4000,1,Carnivore,Carnivore,,,,
Paradoxurus_hermaphroditus,Paradoxurus_hermaphroditus,paradoxurus_hermaphroditus,Carnivora,Viverridae,Paradoxurus,hermaphroditus,Vertical,Nocturnal,0,2906.1,1,Mixed,Carnivore,,,,
Antilocapra_americana,Antilocapra_americana,antilocapra_americana,Cetartiodactyla,Antilocapridae,Antilocapra,americana,Horizontal,Cathemeral,,46082.9,,Herbivore,Herbivore,,,,
Addax_nasomaculatus,Addax_nasomaculatus,addax_nasomaculatus,Cetartiodactyla,Bovidae,Addax,nasomaculatus,Horizontal,Diurnal,,70000.3,,Herbivore,Herbivore,,,,
Aepyceros_melampus,Aepyceros_melampus,aepyceros_melampus,Cetartiodactyla,Bovidae,Aepyceros,melampus,Horizontal,Cathemeral,,52500.1,,Herbivore,Herbivore,,,,
Alcelaphus_buselaphus,Alcelaphus_buselaphus,alcelaphus_buselaphus,Cetartiodactyla,Bovidae,Alcelaphus,buselaphus,Horizontal,Diurnal,,171001.5,,Herbivore,Herbivore,,,,
Ammodorcas_clarkei,Ammodorcas_clarkei,gazella_arabica,Cetartiodactyla,Bovidae,Ammodorcas,clarkei,Horizontal,Diurnal,,28049.8,,Herbivore,Herbivore,,,,
Ammotragus_lervia,Ammotragus_lervia,ammotragus_lervia,Cetartiodactyla,Bovidae,Ammotragus,lervia,Horizontal,Diurnal,,48000,,Herbivore,Herbivore,,,,
Antidorcas_marsupialis,Antidorcas_marsupialis,antidorcas_marsupialis,Cetartiodactyla,Bovidae,Antidorcas,marsupialis,Horizontal,Cathemeral,,31500,,Herbivore,Herbivore,,,,
Antilope_cervicapra,Antilope_cervicapra,antilope_cervicapra,Cetartiodactyla,Bovidae,Antilope,cervicapra,Horizontal,Diurnal,,37500,,Herbivore,Herbivore,,,,
Arabitragus_jayakari,Arabitragus_jayakari,arabitragus_jayakari,Cetartiodactyla,Bovidae,Arabitragus,jayakari,Horizontal,Cathemeral,,23000,,Herbivore,Herbivore,,,,
Bison_bison,Bison_bison,bos_bison,Cetartiodactyla,Bovidae,Bison,bison,Horizontal,Cathemeral,,539627.65,,Herbivore,Herbivore,,,,
Bos_gaurus,Bos_gaurus,bos_javanicus,Cetartiodactyla,Bovidae,Bos,gaurus,Horizontal,Cathemeral,,690416.6667,,Herbivore,Herbivore,,,,
Boselaphus_tragocamelus,Boselaphus_tragocamelus,boselaphus_tragocamelus,Cetartiodactyla,Bovidae,Boselaphus,tragocamelus,Horizontal,Crepuscular,,169000,,Herbivore,Herbivore,,,,
Bubalus_mindorensis,Bubalus_mindorensis,bubalus_depressicornis,Cetartiodactyla,Bovidae,Bubalus,mindorensis,Horizontal,Cathemeral,,278250,,Herbivore,Herbivore,,,,
Budorcas_taxicolor,Budorcas_taxicolor,budorcas_taxicolor,Cetartiodactyla,Bovidae,Budorcas,taxicolor,Horizontal,Diurnal,,302000,,Herbivore,Herbivore,,,,
Capra_caucasica,Capra_caucasica,capra_caucasica,Cetartiodactyla,Bovidae,Capra,caucasica,Horizontal,Diurnal,,67476.81111,,Herbivore,Herbivore,,,,
Capricornis_crispus,Capricornis_crispus,capricornis_crispus,Cetartiodactyla,Bovidae,Capricornis,crispus,Horizontal,Diurnal,,79276.66667,,Herbivore,Herbivore,,,,
Cephalophus_jentinki,Cephalophus_jentinki,cephalophus_adersi,Cetartiodactyla,Bovidae,Cephalophus,jentinki,Horizontal,Diurnal,,25733.38,,Herbivore,Herbivore,,,,
Connochaetes_gnou,Connochaetes_gnou,connochaetes_gnou,Cetartiodactyla,Bovidae,Connochaetes,gnou,Horizontal,Cathemeral,,179999,,Herbivore,Herbivore,,,,
Damaliscus_lunatus,Damaliscus_lunatus,damaliscus_lunatus,Cetartiodactyla,Bovidae,Damaliscus,lunatus,Horizontal,Diurnal,,119000.15,,Herbivore,Herbivore,,,,
Dorcatragus_megalotis,Dorcatragus_megalotis,dorcatragus_megalotis,Cetartiodactyla,Bovidae,Dorcatragus,megalotis,Horizontal,Diurnal,,10249.9,,Herbivore,Herbivore,,,,
Eudorcas_thomsonii,Eudorcas_thomsonii,eudorcas_rufifrons,Cetartiodactyla,Bovidae,Eudorcas,thomsonii,Horizontal,Mixed,,28124.9,,Herbivore,Herbivore,,,,
Gazella_leptoceros,Gazella_leptoceros,gazella_bennettii,Cetartiodactyla,Bovidae,Gazella,leptoceros,Horizontal,Cathemeral,,22570.8375,,Herbivore,Herbivore,,,,
Hemitragus_jemlahicus,Hemitragus_jemlahicus,hemitragus_jemlahicus,Cetartiodactyla,Bovidae,Hemitragus,jemlahicus,Horizontal,Diurnal,,35200,,Herbivore,Herbivore,,,,
Hippotragus_equinus,Hippotragus_equinus,hippotragus_equinus,Cetartiodactyla,Bovidae,Hippotragus,equinus,Horizontal,Cathemeral,,248748.5,,Herbivore,Herbivore,,,,
Kobus_leche,Kobus_leche,kobus_ellipsiprymnus,Cetartiodactyla,Bovidae,Kobus,leche,Horizontal,Mixed,,111650.1,,Herbivore,Herbivore,,,,
Litocranius_walleri,Litocranius_walleri,litocranius_walleri,Cetartiodactyla,Bovidae,Litocranius,walleri,Horizontal,Diurnal,,37999.7,,Herbivore,Herbivore,,,,
Madoqua_kirkii,Madoqua_kirkii,madoqua_guentheri,Cetartiodactyla,Bovidae,Madoqua,kirkii,Horizontal,Cathemeral,,4637.525,,Herbivore,Herbivore,,,,
Naemorhedus_baileyi,Naemorhedus_baileyi,naemorhedus_baileyi,Cetartiodactyla,Bovidae,Naemorhedus,baileyi,Horizontal,Cathemeral,,26996.875,,Herbivore,Herbivore,,,,
Nanger_dama,Nanger_dama,nanger_dama,Cetartiodactyla,Bovidae,Nanger,dama,Horizontal,Diurnal,,55999.73333,,Herbivore,Herbivore,,,,
Neotragus_batesi,Neotragus_batesi,neotragus_batesi,Cetartiodactyla,Bovidae,Neotragus,batesi,Horizontal,Cathemeral,,3500,,Herbivore,Herbivore,,,,
Nesotragus_moschatus,Nesotragus_moschatus,bos_taurus,Cetartiodactyla,Bovidae,Nesotragus,moschatus,Horizontal,Diurnal,,6500,,Herbivore,Herbivore,,,,
Nilgiritragus_hylocrius,Nilgiritragus_hylocrius,nilgiritragus_hylocrius,Cetartiodactyla,Bovidae,Nilgiritragus,hylocrius,Horizontal,Diurnal,,75000,,Herbivore,Herbivore,,,,
Oreamnos_americanus,Oreamnos_americanus,oreamnos_americanus,Cetartiodactyla,Bovidae,Oreamnos,americanus,Horizontal,Cathemeral,,72500.3,,Herbivore,Herbivore,,,,
Oreotragus_oreotragus,Oreotragus_oreotragus,oreotragus_oreotragus,Cetartiodactyla,Bovidae,Oreotragus,oreotragus,Horizontal,Diurnal,,12999.9,,Herbivore,Herbivore,,,,
Oryx_dammah,Oryx_dammah,oryx_dammah,Cetartiodactyla,Bovidae,Oryx,dammah,Horizontal,Cathemeral,,156675.325,,Herbivore,Herbivore,,,,
Ourebia_ourebi,Ourebia_ourebi,ourebia_ourebi,Cetartiodactyla,Bovidae,Ourebia,ourebi,Horizontal,Cathemeral,,17250,,Herbivore,Herbivore,,,,
Ovibos_moschatus,Ovibos_moschatus,ovibos_moschatus,Cetartiodactyla,Bovidae,Ovibos,moschatus,Horizontal,Cathemeral,,340501.1,,Herbivore,Herbivore,,,,
Ovis_canadensis,Ovis_canadensis,ovis_canadensis,Cetartiodactyla,Bovidae,Ovis,canadensis,Horizontal,Crepuscular,,92059.1,,Herbivore,Herbivore,,,,
Pelea_capreolus,Pelea_capreolus,pelea_capreolus,Cetartiodactyla,Bovidae,Pelea,capreolus,Horizontal,Cathemeral,,20000,,Herbivore,Herbivore,,,,
Philantomba_walteri,Philantomba_walteri,philantomba_maxwellii,Cetartiodactyla,Bovidae,Philantomba,walteri,Horizontal,Diurnal,,9083.333333,,Herbivore,Herbivore,,,,
Procapra_gutturosa,Procapra_gutturosa,procapra_gutturosa,Cetartiodactyla,Bovidae,Procapra,gutturosa,Horizontal,Diurnal,,25083.33333,,Herbivore,Herbivore,,,,
Pseudois_nayaur,Pseudois_nayaur,pseudois_nayaur,Cetartiodactyla,Bovidae,Pseudois,nayaur,Horizontal,Diurnal,,45000,,Herbivore,Herbivore,,,,
Pseudoryx_nghetinhensis,Pseudoryx_nghetinhensis,pseudoryx_nghetinhensis,Cetartiodactyla,Bovidae,Pseudoryx,nghetinhensis,Horizontal,Diurnal,,85000,,Herbivore,Herbivore,,,,
Raphicerus_campestris,Raphicerus_campestris,raphicerus_campestris,Cetartiodactyla,Bovidae,Raphicerus,campestris,Horizontal,Nocturnal,1,10083.26667,,Herbivore,Herbivore,,,,
Redunca_redunca,Redunca_redunca,redunca_redunca,Cetartiodactyla,Bovidae,Redunca,redunca,Horizontal,Cathemeral,,43850.2,,Herbivore,Herbivore,,,,
Rupicapra_pyrenaica,Rupicapra_pyrenaica,rupicapra_pyrenaica,Cetartiodactyla,Bovidae,Rupicapra,pyrenaica,Horizontal,Diurnal,,28050,,Herbivore,Herbivore,,,,
Saiga_tatarica,Saiga_tatarica,saiga_tatarica,Cetartiodactyla,Bovidae,Saiga,tatarica,Horizontal,Diurnal,,29000,,Herbivore,Herbivore,,,,
Sylvicapra_grimmia,Sylvicapra_grimmia,sylvicapra_grimmia,Cetartiodactyla,Bovidae,Sylvicapra,grimmia,Horizontal,Diurnal,,19499.8,,Herbivore,Herbivore,,,,
Syncerus_caffer,Syncerus_caffer,syncerus_caffer,Cetartiodactyla,Bovidae,Syncerus,caffer,Horizontal,Cathemeral,,580002.7,,Herbivore,Herbivore,,,,
Tetracerus_quadricornis,Tetracerus_quadricornis,tetracerus_quadricornis,Cetartiodactyla,Bovidae,Tetracerus,quadricornis,Horizontal,Crepuscular,,19000,,Herbivore,Herbivore,,,,
Tragelaphus_angasii,Tragelaphus_angasii,tragelaphus_angasii,Cetartiodactyla,Bovidae,Tragelaphus,angasii,Horizontal,Nocturnal,1,255213.7778,,Herbivore,Herbivore,,,,
Camelus_ferus,Camelus_ferus,camelus_dromedarius,Cetartiodactyla,Camelidae,Camelus,ferus,Horizontal,Diurnal,,690000,,Herbivore,Herbivore,,,,
Lama_guanicoe,Lama_guanicoe,lama_guanicoe,Cetartiodactyla,Camelidae,Lama,guanicoe,Horizontal,Diurnal,,120000,,Herbivore,Herbivore,,,,
Vicugna_vicugna,Vicugna_vicugna,vicugna_vicugna,Cetartiodactyla,Camelidae,Vicugna,vicugna,Horizontal,Diurnal,,47499.6,,Herbivore,Herbivore,,,,
Alces_alces,Alces_alces,alces_alces,Cetartiodactyla,Cervidae,Alces,alces,Horizontal,Cathemeral,,356998,,Herbivore,Herbivore,,,,
Axis_kuhlii,Axis_kuhlii,axis_axis,Cetartiodactyla,Cervidae,Axis,kuhlii,Horizontal,Cathemeral,,48950.15,,Herbivore,Herbivore,,,,
Capreolus_capreolus,Capreolus_capreolus,capreolus_capreolus,Cetartiodactyla,Cervidae,Capreolus,capreolus,Horizontal,Cathemeral,,33126.1,,Herbivore,Herbivore,,,,
Cervus_elaphus,Cervus_elaphus,cervus_albirostris,Cetartiodactyla,Cervidae,Cervus,elaphus,Horizontal,Cathemeral,,110125,,Herbivore,Herbivore,,,,
Dama_mesopotamica,Dama_mesopotamica,dama_dama,Cetartiodactyla,Cervidae,Dama,mesopotamica,Horizontal,Mixed,,64375,,Herbivore,Herbivore,,,,
Elaphodus_cephalophus,Elaphodus_cephalophus,elaphodus_cephalophus,Cetartiodactyla,Cervidae,Elaphodus,cephalophus,Horizontal,Crepuscular,,33500,,Herbivore,Herbivore,,,,
Elaphurus_davidianus,Elaphurus_davidianus,elaphurus_davidianus,Cetartiodactyla,Cervidae,Elaphurus,davidianus,Horizontal,Diurnal,,149000,,Herbivore,Herbivore,,,,
Hydropotes_inermis,Hydropotes_inermis,hydropotes_inermis,Cetartiodactyla,Cervidae,Hydropotes,inermis,Horizontal,Cathemeral,,14000,,Herbivore,Herbivore,,,,
Mazama_americana,Mazama_americana,mazama_americana,Cetartiodactyla,Cervidae,Mazama,americana,Horizontal,Mixed,,20059.93,,Herbivore,Herbivore,,,,
Muntiacus_reevesi,Muntiacus_reevesi,muntiacus_reevesi,Cetartiodactyla,Cervidae,Muntiacus,reevesi,Horizontal,Cathemeral,,19566.675,,Herbivore,Herbivore,,,,
Odocoileus_virginianus,Odocoileus_virginianus,odocoileus_virginianus,Cetartiodactyla,Cervidae,Odocoileus,virginianus,Horizontal,Crepuscular,,54860.6,,Herbivore,Herbivore,,,,
Ozotoceros_bezoarticus,Ozotoceros_bezoarticus,ozotoceros_bezoarticus,Cetartiodactyla,Cervidae,Ozotoceros,bezoarticus,Horizontal,Cathemeral,,40000,,Herbivore,Herbivore,,,,
Pudu_mephistophiles,Pudu_mephistophiles,pudu_mephistophiles,Cetartiodactyla,Cervidae,Pudu,mephistophiles,Horizontal,Cathemeral,,9674.95,,Herbivore,Herbivore,,,,
Rangifer_tarandus,Rangifer_tarandus,rangifer_tarandus,Cetartiodactyla,Cervidae,Rangifer,tarandus,Horizontal,Cathemeral,,86034,,Herbivore,Herbivore,,,,
Rucervus_duvaucelii,Rucervus_duvaucelii,rucervus_duvaucelii,Cetartiodactyla,Cervidae,Rucervus,duvaucelii,Horizontal,Cathemeral,,108000,,Herbivore,Herbivore,,,,
Rusa_alfredi,Rusa_alfredi,cervus_timorensis,Cetartiodactyla,Cervidae,Rusa,alfredi,Horizontal,Nocturnal,1,85211.1,,Herbivore,Herbivore,,,,
Giraffa_camelopardalis,Giraffa_camelopardalis,giraffa_camelopardalis,Cetartiodactyla,Giraffidae,Giraffa,camelopardalis,Horizontal,Diurnal,,899994.8,,Herbivore,Herbivore,,,,
Okapia_johnstoni,Okapia_johnstoni,okapia_johnstoni,Cetartiodactyla,Giraffidae,Okapia,johnstoni,Horizontal,Diurnal,,230001.1,,Herbivore,Herbivore,,,,
Choeropsis_liberiensis,Choeropsis_liberiensis,hexaprotodon_liberiensis,Cetartiodactyla,Hippopotamidae,Choeropsis,liberiensis,Horizontal,Nocturnal,1,235001.2,,Herbivore,Herbivore,,,,
Hippopotamus_amphibius,Hippopotamus_amphibius,hippopotamus_amphibius,Cetartiodactyla,Hippopotamidae,Hippopotamus,amphibius,Horizontal,Cathemeral,,1417490,,Herbivore,Herbivore,,,,
Moschus_anhuiensis,Moschus_anhuiensis,moschus_anhuiensis,Cetartiodactyla,Moschidae,Moschus,anhuiensis,Horizontal,Nocturnal,0,12485.71429,,Herbivore,Herbivore,,,,
Babyrousa_babyrussa,Babyrousa_babyrussa,babyrousa_babyrussa,Cetartiodactyla,Suidae,Babyrousa,babyrussa,Horizontal,Diurnal,,99363.43333,,Herbivore,Herbivore,,,,
Hylochoerus_meinertzhageni,Hylochoerus_meinertzhageni,hylochoerus_meinertzhageni,Cetartiodactyla,Suidae,Hylochoerus,meinertzhageni,Horizontal,Diurnal,,188500,,Herbivore,Herbivore,,,,
Phacochoerus_aethiopicus,Phacochoerus_aethiopicus,phacochoerus_aethiopicus,Cetartiodactyla,Suidae,Phacochoerus,aethiopicus,Horizontal,Diurnal,,76750.15,,Herbivore,Herbivore,,,,
Porcula_salvania,Porcula_salvania,porcula_salvania,Cetartiodactyla,Suidae,Porcula,salvania,Horizontal,Diurnal,,7718,,Herbivore,Herbivore,,,,
Potamochoerus_larvatus,Potamochoerus_larvatus,potamochoerus_larvatus,Cetartiodactyla,Suidae,Potamochoerus,larvatus,Horizontal,Nocturnal,1,83750.15,,Herbivore,Herbivore,,,,
Sus_cebifrons,Sus_cebifrons,sus_barbatus,Cetartiodactyla,Suidae,Sus,cebifrons,Horizontal,Cathemeral,,62169.5625,,Herbivore,Herbivore,,,,
Catagonus_wagneri,Catagonus_wagneri,catagonus_wagneri,Cetartiodactyla,Tayassuidae,Catagonus,wagneri,Horizontal,Diurnal,,35566.4,,Herbivore,Herbivore,,,,
Pecari_tajacu,Pecari_tajacu,pecari_tajacu,Cetartiodactyla,Tayassuidae,Pecari,tajacu,Horizontal,Diurnal,,21266.7,,Herbivore,Herbivore,,,,
Tayassu_pecari,Tayassu_pecari,tayassu_pecari,Cetartiodactyla,Tayassuidae,Tayassu,pecari,Horizontal,Diurnal,,32233.7,,Herbivore,Herbivore,,,,
Hyemoschus_aquaticus,Hyemoschus_aquaticus,hyemoschus_aquaticus,Cetartiodactyla,Tragulidae,Hyemoschus,aquaticus,Horizontal,Nocturnal,0,10850,,Herbivore,Herbivore,,,,
Moschiola_indica,Moschiola_indica,moschiola_meminna,Cetartiodactyla,Tragulidae,Moschiola,indica,Horizontal,Nocturnal,1,2469.066667,,Herbivore,Herbivore,,,,
Tragulus_javanicus,Tragulus_javanicus,tragulus_javanicus,Cetartiodactyla,Tragulidae,Tragulus,javanicus,Horizontal,Nocturnal,0,2480.716667,,Herbivore,Herbivore,,,,
Antechinomys_laniger,Antechinomys_laniger,antechinomys_laniger,Dasyuromorphia,Dasyuridae,Antechinomys,laniger,Round,Nocturnal,0,25,,Insectivore,Carnivore,,,,
Antechinus_adustus,Antechinus_adustus,antechinus_bellus,Dasyuromorphia,Dasyuridae,Antechinus,adustus,Round,Nocturnal,1,45.93,,Insectivore,Carnivore,,,,
Dasycercus_cristicauda,Dasycercus_cristicauda,dasycercus_cristicauda,Dasyuromorphia,Dasyuridae,Dasycercus,cristicauda,Round,Nocturnal,1,91.9,,Carnivore,Carnivore,,,,
Dasyuroides_byrnei,Dasyuroides_byrnei,dasyuroides_byrnei,Dasyuromorphia,Dasyuridae,Dasyuroides,byrnei,Round,Nocturnal,1,103.8,,Carnivore,Carnivore,,,,
Murexia_melanurus,Murexia_melanurus,murexia_naso,Dasyuromorphia,Dasyuridae,Murexia,melanurus,Round,Nocturnal,1,102.12,,Insectivore,Carnivore,,,,
Parantechinus_apicalis,Parantechinus_apicalis,parantechinus_apicalis,Dasyuromorphia,Dasyuridae,Parantechinus,apicalis,Round,Nocturnal,1,68.8,,Insectivore,Carnivore,,,,
Phascogale_tapoatafa,Phascogale_tapoatafa,phascogale_tapoatafa,Dasyuromorphia,Dasyuridae,Phascogale,tapoatafa,Round,Nocturnal,1,142.1666667,,Carnivore,Carnivore,,,,
Planigale_ingrami,Planigale_ingrami,planigale_ingrami,Dasyuromorphia,Dasyuridae,Planigale,ingrami,Round,Nocturnal,1,9.1,,Carnivore,Carnivore,,,,
Pseudantechinus_mimulus,Pseudantechinus_mimulus,pseudantechinus_mimulus,Dasyuromorphia,Dasyuridae,Pseudantechinus,mimulus,Round,Nocturnal,1,26.75,,Insectivore,Carnivore,,,,
Glironia_venusta,Glironia_venusta,glironia_venusta,Didelphimorphia,Didelphidae,Glironia,venusta,Round,Nocturnal,0,114,,Mixed,Carnivore,,,,
Hyladelphys_kalinowskii,Hyladelphys_kalinowskii,hyladelphys_kalinowskii,Didelphimorphia,Didelphidae,Hyladelphys,kalinowskii,Round,Nocturnal,0,16.3,,Herbivore,Herbivore,,,,
Acrobates_pygmaeus,Acrobates_pygmaeus,acrobates_pygmaeus,Diprotodontia,Acrobatidae,Acrobates,pygmaeus,Round,Nocturnal,0,12,,Insectivore,Carnivore,,,,
Distoechurus_pennatus,Distoechurus_pennatus,distoechurus_pennatus,Diprotodontia,Acrobatidae,Distoechurus,pennatus,Round,Nocturnal,0,44.1,,Herbivore,Herbivore,,,,
Cercartetus_caudatus,Cercartetus_caudatus,cercartetus_caudatus,Diprotodontia,Burramyidae,Cercartetus,caudatus,Round,Nocturnal,0,17.25,,Herbivore,Herbivore,,,,
Hypsiprymnodon_moschatus,Hypsiprymnodon_moschatus,hypsiprymnodon_moschatus,Diprotodontia,Hypsiprymnodontidae,Hypsiprymnodon,moschatus,Round,Diurnal,,520,,Insectivore,Carnivore,,,,
Dendrolagus_goodfellowi,Dendrolagus_goodfellowi,dendrolagus_dorianus,Diprotodontia,Macropodidae,Dendrolagus,goodfellowi,Round,Diurnal,,9140.221429,,Herbivore,Herbivore,,,,
Dorcopsis_muelleri,Dorcopsis_muelleri,dorcopsis_hageni,Diprotodontia,Macropodidae,Dorcopsis,muelleri,Round,Crepuscular,,5817.125,,Herbivore,Herbivore,,,,
Dorcopsulus_macleayi,Dorcopsulus_macleayi,dorcopsulus_vanheurni,Diprotodontia,Macropodidae,Dorcopsulus,macleayi,Round,Cathemeral,,2386.9,,Herbivore,Herbivore,,,,
Lagorchestes_conspicillatus,Lagorchestes_conspicillatus,lagorchestes_conspicillatus,Diprotodontia,Macropodidae,Lagorchestes,conspicillatus,Round,Nocturnal,1,2157.5,,Herbivore,Herbivore,,,,
Lagostrophus_fasciatus,Lagostrophus_fasciatus,lagostrophus_fasciatus,Diprotodontia,Macropodidae,Lagostrophus,fasciatus,Round,Nocturnal,0,1700,,Herbivore,Herbivore,,,,
Macropus_fuliginosus,Macropus_fuliginosus,macropus_agilis,Diprotodontia,Macropodidae,Macropus,fuliginosus,Round,Nocturnal,1,27516.96429,,Herbivore,Herbivore,,,,
Onychogalea_unguifera,Onychogalea_unguifera,onychogalea_unguifera,Diprotodontia,Macropodidae,Onychogalea,unguifera,Round,Nocturnal,1,6075,,Herbivore,Herbivore,,,,
Petrogale_concinna,Petrogale_concinna,petrogale_concinna,Diprotodontia,Macropodidae,Petrogale,concinna,Round,Nocturnal,1,4550.5,,Herbivore,Herbivore,,,,
Thylogale_browni,Thylogale_browni,thylogale_billardierii,Diprotodontia,Macropodidae,Thylogale,browni,Round,Nocturnal,1,4884.314286,,Herbivore,Herbivore,,,,
Wallabia_bicolor,Wallabia_bicolor,wallabia_bicolor,Diprotodontia,Macropodidae,Wallabia,bicolor,Round,Nocturnal,1,15000,,Herbivore,Herbivore,,,,
Dactylopsila_tatei,Dactylopsila_tatei,dactylopsila_trivirgata,Diprotodontia,Petauridae,Dactylopsila,tatei,Round,Nocturnal,0,351,,Insectivore,Carnivore,,,,
Gymnobelideus_leadbeateri,Gymnobelideus_leadbeateri,gymnobelideus_leadbeateri,Diprotodontia,Petauridae,Gymnobelideus,leadbeateri,Round,Nocturnal,0,127,,Herbivore,Herbivore,,,,
Ailurops_melanotis,Ailurops_melanotis,ailurops_ursinus,Diprotodontia,Phalangeridae,Ailurops,melanotis,Round,Cathemeral,,8334.5,,Herbivore,Herbivore,,,,
Spilocuscus_kraemeri,Spilocuscus_kraemeri,spilocuscus_maculatus,Diprotodontia,Phalangeridae,Spilocuscus,kraemeri,Vertical,Cathemeral,,4480.92,1,Herbivore,Herbivore,,,,
Strigocuscus_celebensis,Strigocuscus_celebensis,strigocuscus_celebensis,Diprotodontia,Phalangeridae,Strigocuscus,celebensis,Vertical,Nocturnal,0,801.5,1,Herbivore,Herbivore,,,,
Wyulda_squamicaudata,Wyulda_squamicaudata,wyulda_squamicaudata,Diprotodontia,Phalangeridae,Wyulda,squamicaudata,Round,Nocturnal,0,1675,,Herbivore,Herbivore,,,,
Aepyprymnus_rufescens,Aepyprymnus_rufescens,aepyprymnus_rufescens,Diprotodontia,Potoroidae,Aepyprymnus,rufescens,Round,Nocturnal,0,3250,,Herbivore,Herbivore,,,,
Bettongia_anhydra,Bettongia_penicillata,bettongia_gaimardi,Diprotodontia,Potoroidae,Bettongia,anhydra,Round,Nocturnal,0,1448.54,,Herbivore,Herbivore,,,,
Potorous_gilbertii,Potorous_gilbertii,potorous_gilbertii,Diprotodontia,Potoroidae,Potorous,gilbertii,Round,Nocturnal,0,1320.833333,,Herbivore,Herbivore,,,,
Hemibelideus_lemuroides,Hemibelideus_lemuroides,hemibelideus_lemuroides,Diprotodontia,Pseudocheiridae,Hemibelideus,lemuroides,Round,Nocturnal,0,952.5,,Herbivore,Herbivore,,,,
Petauroides_volans,Petauroides_volans,petauroides_volans,Diprotodontia,Pseudocheiridae,Petauroides,volans,Round,Nocturnal,0,1300,,Herbivore,Herbivore,,,,
Petropseudes_dahli,Petropseudes_dahli,petropseudes_dahli,Diprotodontia,Pseudocheiridae,Petropseudes,dahli,Vertical,Nocturnal,0,1640,1,Herbivore,Herbivore,,,,
Pseudochirulus_canescens,Pseudochirulus_canescens,pseudochirulus_canescens,Diprotodontia,Pseudocheiridae,Pseudochirulus,canescens,Round,Nocturnal,0,609.325,,Herbivore,Herbivore,,,,
Tarsipes_rostratus,Tarsipes_rostratus,tarsipes_rostratus,Diprotodontia,Tarsipedidae,Tarsipes,rostratus,Vertical,Nocturnal,1,9,1,Herbivore,Herbivore,,,,
Dendrohyrax_arboreus,Dendrohyrax_arboreus,dendrohyrax_dorsalis,Hyracoidea,Procaviidae,Dendrohyrax,arboreus,Horizontal,Nocturnal,0,2851.666667,,Herbivore,Herbivore,,,,
Heterohyrax_brucei,Heterohyrax_brucei,heterohyrax_brucei,Hyracoidea,Procaviidae,Heterohyrax,brucei,Horizontal,Diurnal,,2625,,Herbivore,Herbivore,,,,
Procavia_capensis,Procavia_capensis,procavia_capensis,Hyracoidea,Procaviidae,Procavia,capensis,Horizontal,Diurnal,,3030,,Herbivore,Herbivore,,,,
Brachylagus_idahoensis,Brachylagus_idahoensis,brachylagus_idahoensis,Lagomorpha,Leporidae,Brachylagus,idahoensis,Vertical,Crepuscular,,421.3,0,Herbivore,Herbivore,,,,
Bunolagus_monticularis,Bunolagus_monticularis,bunolagus_monticularis,Lagomorpha,Leporidae,Bunolagus,monticularis,Vertical,Nocturnal,0,1750,0,Herbivore,Herbivore,,,,
Caprolagus_hispidus,Caprolagus_hispidus,caprolagus_hispidus,Lagomorpha,Leporidae,Caprolagus,hispidus,Vertical,Crepuscular,,2497,0,Herbivore,Herbivore,,,,
Nesolagus_netscheri,Nesolagus_netscheri,nesolagus_netscheri,Lagomorpha,Leporidae,Nesolagus,netscheri,Vertical,Nocturnal,0,1803.7,0,Herbivore,Herbivore,,,,
Pentalagus_furnessi,Pentalagus_furnessi,pentalagus_furnessi,Lagomorpha,Leporidae,Pentalagus,furnessi,Vertical,Nocturnal,1,2396.3,0,Herbivore,Herbivore,,,,
Poelagus_marjorita,Poelagus_marjorita,pronolagus_crassicaudatus,Lagomorpha,Leporidae,Poelagus,marjorita,Vertical,Nocturnal,0,2500,0,Herbivore,Herbivore,,,,
Pronolagus_rupestris,Pronolagus_rupestris,pronolagus_rupestris,Lagomorpha,Leporidae,Pronolagus,rupestris,Vertical,Nocturnal,0,1949.5,0,Herbivore,Herbivore,,,,
Romerolagus_diazi,Romerolagus_diazi,romerolagus_diazi,Lagomorpha,Leporidae,Romerolagus,diazi,Vertical,Crepuscular,,476.7,0,Herbivore,Herbivore,,,,
Sylvilagus_aquaticus,Sylvilagus_aquaticus,sylvilagus_aquaticus,Lagomorpha,Leporidae,Sylvilagus,aquaticus,Vertical,Cathemeral,,1335.752941,0,Herbivore,Herbivore,,,,
Ochotona_princeps,Ochotona_princeps,ochotona_princeps,Lagomorpha,Ochotonidae,Ochotona,princeps,Round,Diurnal,,172.8896552,,Herbivore,Herbivore,,,,
Petrodromus_tetradactylus,Petrodromus_tetradactylus,petrodromus_tetradactylus,Macroscelidea,Macroscelididae,Petrodromus,tetradactylus,Vertical,Crepuscular,,187.5,1,Insectivore,Carnivore,,,,
Rhynchocyon_chrysopygus,Rhynchocyon_chrysopygus,rhynchocyon_petersi,Macroscelidea,Macroscelididae,Rhynchocyon,chrysopygus,Round,Diurnal,,541.25,,Insectivore,Carnivore,,,,
Dromiciops_gliroides,Dromiciops_gliroides,dromiciops_gliroides,Microbiotheria,Microbiotheriidae,Dromiciops,gliroides,Round,Nocturnal,0,22.3,,Insectivore,Carnivore,,,,
Tachyglossus_aculeatus,Tachyglossus_aculeatus,tachyglossus_aculeatus,Monotremata,Tachyglossidae,Tachyglossus,aculeatus,Round,Nocturnal,1,3025,,Insectivore,Carnivore,,,,
Zaglossus_attenboroughi,Zaglossus_attenboroughi,zaglossus_bruijni,Monotremata,Tachyglossidae,Zaglossus,attenboroughi,Round,Nocturnal,1,7181.966667,,Insectivore,Carnivore,,,,
Echymipera_rufescens,Echymipera_rufescens,echymipera_clara,Peramelemorphia,Peramelidae,Echymipera,rufescens,Round,Nocturnal,0,1013.74,,Insectivore,Carnivore,,,,
Isoodon_macrourus,Isoodon_macrourus,isoodon_auratus,Peramelemorphia,Peramelidae,Isoodon,macrourus,Round,Nocturnal,0,933.3333333,,Insectivore,Carnivore,,,,
Microperoryctes_aplini,Microperoryctes_aplini,microperoryctes_aplini,Peramelemorphia,Peramelidae,Microperoryctes,aplini,Round,Nocturnal,0,218.775,,Insectivore,Carnivore,,,,
Perameles_nasuta,Perameles_nasuta,perameles_nasuta,Peramelemorphia,Peramelidae,Perameles,nasuta,Round,Nocturnal,0,690.3333333,,Insectivore,Carnivore,,,,
Macrotis_leucura,Macrotis_leucura,macrotis_lagotis,Peramelemorphia,Thylacomyidae,Macrotis,leucura,Round,Nocturnal,0,852.15,Mobility limited,Insectivore,Carnivore,,,,
Equus_africanus,Equus_africanus,equus_zebra,Perissodactyla,Equidae,Equus,africanus,Horizontal,Cathemeral,,292999.7857,,Herbivore,Herbivore,,,,
Ceratotherium_simum,Ceratotherium_simum,ceratotherium_simum,Perissodactyla,Rhinocerotidae,Ceratotherium,simum,Round,Diurnal,,2949986.3,,Herbivore,Herbivore,,,,
Dicerorhinus_sumatrensis,Dicerorhinus_sumatrensis,dicerorhinus_sumatrensis,Perissodactyla,Rhinocerotidae,Dicerorhinus,sumatrensis,Round,Nocturnal,1,1266667,,Herbivore,Herbivore,,,,
Rhinoceros_sondaicus,Rhinoceros_sondaicus,rhinoceros_sondaicus,Perissodactyla,Rhinocerotidae,Rhinoceros,sondaicus,Round,Cathemeral,,1676166.5,,Herbivore,Herbivore,,,,
Tapirus_bairdii,Tapirus_bairdii,tapirus_bairdii,Perissodactyla,Tapiridae,Tapirus,bairdii,Round,Nocturnal,1,238174.95,,Herbivore,Herbivore,,,,
Bradypus_pygmaeus,Bradypus_pygmaeus,bradypus_torquatus,Pilosa,Bradypodidae,Bradypus,pygmaeus,Round,Cathemeral,,3771.25,,Herbivore,Herbivore,,,,
Choloepus_hoffmanni,Choloepus_hoffmanni,choloepus_hoffmanni,Pilosa,Chloepotidae,Choloepus,hoffmanni,Round,Nocturnal,0,4955,,Herbivore,Herbivore,,,,
Cyclopes_didactylus,Cyclopes_didactylus,cyclopes_didactylus,Pilosa,Cyclopedidae,Cyclopes,didactylus,Round,Nocturnal,0,329.5,,Insectivore,Carnivore,,,,
Myrmecophaga_tridactyla,Myrmecophaga_tridactyla,myrmecophaga_tridactyla,Pilosa,Myrmecophagidae,Myrmecophaga,tridactyla,Round,Diurnal,,22333.2,,Insectivore,Carnivore,,,,
Tamandua_mexicana,Tamandua_mexicana,tamandua_mexicana,Pilosa,Myrmecophagidae,Tamandua,mexicana,Round,Cathemeral,,4862.55,,Insectivore,Carnivore,,,,
Alouatta_arctoidea,Alouatta_arctoidea,alouatta_belzebul,Primates,Atelidae,Alouatta,arctoidea,Round,Diurnal,,6536.241667,,Herbivore,Herbivore,,,,
Ateles_belzebuth,Ateles_belzebuth,ateles_belzebuth,Primates,Atelidae,Ateles,belzebuth,Round,Diurnal,,6851.428571,,Herbivore,Herbivore,,,,
Brachyteles_hypoxanthus,Brachyteles_hypoxanthus,brachyteles_arachnoides,Primates,Atelidae,Brachyteles,hypoxanthus,Round,Diurnal,,11182.45,,Herbivore,Herbivore,,,,
Lagothrix_cana,Lagothrix_cana,lagothrix_lagotricha,Primates,Atelidae,Lagothrix,cana,Round,Diurnal,,5847.225,,Herbivore,Herbivore,,,,
Oreonax_flavicauda,Oreonax_flavicauda,lagothrix_poeppigii,Primates,Atelidae,Oreonax,flavicauda,Round,Diurnal,,6800,,Herbivore,Herbivore,,,,
Callimico_goeldii,Callimico_goeldii,callimico_goeldii,Primates,Callitrichidae,Callimico,goeldii,Round,Diurnal,,480,,Herbivore,Herbivore,,,,
Callithrix_geoffroyi,Callithrix_geoffroyi,callithrix_geoffroyi,Primates,Callitrichidae,Callithrix,geoffroyi,Round,Diurnal,,333.6666667,,Herbivore,Herbivore,,,,
Cebuella_pygmaea,Cebuella_pygmaea,callithrix_pygmaea,Primates,Callitrichidae,Cebuella,pygmaea,Round,Diurnal,,70,,Herbivore,Herbivore,,,,
Leontopithecus_caissara,Leontopithecus_caissara,leontopithecus_rosalia,Primates,Callitrichidae,Leontopithecus,caissara,Round,Diurnal,,626.875,,Herbivore,Herbivore,,,,
Mico_acariensis,Mico_acariensis,callithrix_argentata,Primates,Callitrichidae,Mico,acariensis,Round,Diurnal,,375.5214286,,Herbivore,Herbivore,,,,
Saguinus_oedipus,Saguinus_oedipus,saguinus_oedipus,Primates,Callitrichidae,Saguinus,oedipus,Round,Diurnal,,486.22,,Herbivore,Herbivore,,,,
Cebus_versicolor,Cebus_albifrons,cebus_albifrons,Primates,Cebidae,Cebus,versicolor,Round,Diurnal,,2547.655556,,Herbivore,Herbivore,,,,
Sapajus_xanthosternos,Sapajus_xanthosternos,sapajus_xanthosternos,Primates,Cebidae,Sapajus,xanthosternos,Round,Diurnal,,2971.875,,Herbivore,Herbivore,,,,
Allenopithecus_nigroviridis,Allenopithecus_nigroviridis,allenopithecus_nigroviridis,Primates,Cercopithecidae,Allenopithecus,nigroviridis,Round,Diurnal,,4750,,Herbivore,Herbivore,,,,
Cercocebus_lunulatus,Cercocebus_chrysogaster,cercocebus_agilis,Primates,Cercopithecidae,Cercocebus,lunulatus,Round,Diurnal,,7994.171429,,Herbivore,Herbivore,,,,
Cercopithecus_dryas,Cercopithecus_dryas,cercopithecus_mitis,Primates,Cercopithecidae,Cercopithecus,dryas,Round,Diurnal,,4168.817647,,Herbivore,Herbivore,,,,
Chlorocebus_cynosuros,Chlorocebus_cynosuros,chlorocebus_aethiops,Primates,Cercopithecidae,Chlorocebus,cynosuros,Round,Diurnal,,4087.5,,Herbivore,Herbivore,,,,
Colobus_angolensis,Colobus_angolensis,colobus_angolensis,Primates,Cercopithecidae,Colobus,angolensis,Round,Diurnal,,12709.76,,Herbivore,Herbivore,,,,
Erythrocebus_patas,Erythrocebus_patas,erythrocebus_patas,Primates,Cercopithecidae,Erythrocebus,patas,Round,Diurnal,,8090,,Herbivore,Herbivore,,,,
Macaca_arctoides,Macaca_arctoides,macaca_arctoides,Primates,Cercopithecidae,Macaca,arctoides,Round,Diurnal,,7260.804545,,Herbivore,Herbivore,,,,
Mandrillus_leucophaeus,Mandrillus_leucophaeus,mandrillus_leucophaeus,Primates,Cercopithecidae,Mandrillus,leucophaeus,Round,Diurnal,,16624.95,,Herbivore,Herbivore,,,,
Miopithecus_ogouensis,Miopithecus_ogouensis,miopithecus_ogouensis,Primates,Cercopithecidae,Miopithecus,ogouensis,Round,Diurnal,,1388.75,,Herbivore,Herbivore,,,,
Papio_anubis,Papio_anubis,papio_anubis,Primates,Cercopithecidae,Papio,anubis,Round,Diurnal,,19870.78333,,Herbivore,Herbivore,,,,
Piliocolobus_bouvieri,Procolobus_badius,piliocolobus_badius,Primates,Cercopithecidae,Piliocolobus,bouvieri,Round,Diurnal,,8662.623077,,Herbivore,Herbivore,,,,
Presbytis_natunae,Presbytis_natunae,presbytis_chrysomelas,Primates,Cercopithecidae,Presbytis,natunae,Round,Diurnal,,6405.454545,,Herbivore,Herbivore,,,,
Procolobus_verus,Procolobus_verus,procolobus_verus,Primates,Cercopithecidae,Procolobus,verus,Round,Diurnal,,4000,,Herbivore,Herbivore,,,,
Pygathrix_cinerea,Pygathrix_cinerea,pygathrix_cinerea,Primates,Cercopithecidae,Pygathrix,cinerea,Round,Diurnal,,8310,,Herbivore,Herbivore,,,,
Rhinopithecus_avunculus,Rhinopithecus_avunculus,rhinopithecus_avunculus,Primates,Cercopithecidae,Rhinopithecus,avunculus,Round,Diurnal,,10567,,Herbivore,Herbivore,,,,
Rungwecebus_kipunji,Rungwecebus_kipunji,rungwecebus_kipunji,Primates,Cercopithecidae,Rungwecebus,kipunji,Round,Diurnal,,13000,,Herbivore,Herbivore,,,,
Semnopithecus_dussumieri,Semnopithecus_dussumieri,semnopithecus_entellus,Primates,Cercopithecidae,Semnopithecus,dussumieri,Round,Diurnal,,14835.71429,,Herbivore,Herbivore,,,,
Simias_concolor,Simias_concolor,simias_concolor,Primates,Cercopithecidae,Simias,concolor,Round,Diurnal,,7980,,Herbivore,Herbivore,,,,
Theropithecus_gelada,Theropithecus_gelada,theropithecus_gelada,Primates,Cercopithecidae,Theropithecus,gelada,Round,Diurnal,,17049.8,,Herbivore,Herbivore,,,,
Trachypithecus_auratus,Trachypithecus_auratus,trachypithecus_auratus,Primates,Cercopithecidae,Trachypithecus,auratus,Round,Diurnal,,9226.6625,,Herbivore,Herbivore,,,,
Allocebus_trichotis,Allocebus_trichotis,allocebus_trichotis,Primates,Cheirogaleidae,Allocebus,trichotis,Vertical,Nocturnal,0,77.5,0,Herbivore,Herbivore,,,,
Mirza_coquereli,Mirza_coquereli,mirza_coquereli,Primates,Cheirogaleidae,Mirza,coquereli,Vertical,Nocturnal,0,299,0,Insectivore,Carnivore,,,,
Phaner_electromontis,Phaner_electromontis,phaner,Primates,Cheirogaleidae,Phaner,electromontis,Vertical,Nocturnal,0,368.5,0,Herbivore,Herbivore,,,,
Euoticus_elegantulus,Euoticus_elegantulus,euoticus_elegantulus,Primates,Galagidae,Euoticus,elegantulus,Vertical,Nocturnal,1,265,0,Herbivore,Herbivore,,,,
Gorilla_gorilla,Gorilla_gorilla,gorilla_gorilla,Primates,Hominidae,Gorilla,gorilla,Round,Diurnal,,125475,,Herbivore,Herbivore,,,,
Homo_sapiens,Homo_sapiens,homo_sapiens,Primates,Hominidae,Homo,sapiens,Round,Diurnal,,59500,,Herbivore,Herbivore,,,,
Pan_troglodytes,Pan_troglodytes,pan_troglodytes,Primates,Hominidae,Pan,troglodytes,Round,Diurnal,,38250.05,,Herbivore,Herbivore,,,,
Pongo_abelii,Pongo_abelii,pongo_abelii,Primates,Hominidae,Pongo,abelii,Round,Cathemeral,,56950,,Herbivore,Herbivore,,,,
Hoolock_hoolock,Hoolock_hoolock,hoolock_hoolock,Primates,Hylobatidae,Hoolock,hoolock,Round,Diurnal,,6850,,Herbivore,Herbivore,,,,
Hylobates_moloch,Hylobates_moloch,hylobates_pileatus,Primates,Hylobatidae,Hylobates,moloch,Round,Diurnal,,5704.571429,,Herbivore,Herbivore,,,,
Nomascus_concolor,Nomascus_concolor,nomascus_concolor,Primates,Hylobatidae,Nomascus,concolor,Round,Diurnal,,7833.333333,,Herbivore,Herbivore,,,,
Symphalangus_syndactylus,Symphalangus_syndactylus,symphalangus_syndactylus,Primates,Hylobatidae,Symphalangus,syndactylus,Round,Diurnal,,10000,,Herbivore,Herbivore,,,,
Indri_indri,Indri_indri,indri_indri,Primates,Indriidae,Indri,indri,Round,Nocturnal,0,8000,,Herbivore,Herbivore,,,,
Propithecus_candidus,Propithecus_candidus,propithecus_perrieri,Primates,Indriidae,Propithecus,candidus,Round,Diurnal,,4405.555556,,Herbivore,Herbivore,,,,
Eulemur_cinereiceps,Eulemur_cinereiceps,eulemur_cinereiceps,Primates,Lemuridae,Eulemur,cinereiceps,Round,Cathemeral,,2024.166667,,Herbivore,Herbivore,,,,
Hapalemur_alaotrensis,Hapalemur_alaotrensis,hapalemur_aureus,Primates,Lemuridae,Hapalemur,alaotrensis,Round,Diurnal,,1068,,Herbivore,Herbivore,,,,
Lemur_catta,Lemur_catta,lemur_catta,Primates,Lemuridae,Lemur,catta,Round,Cathemeral,,2900,,Herbivore,Herbivore,,,,
Prolemur_simus,Prolemur_simus,prolemur_simus,Primates,Lemuridae,Prolemur,simus,Vertical,Cathemeral,,2350,0,Herbivore,Herbivore,,,,
Varecia_rubra,Varecia_rubra,varecia_rubra,Primates,Lemuridae,Varecia,rubra,Round,Diurnal,,3400,,Herbivore,Herbivore,,,,
Cacajao_calvus,Cacajao_calvus,cacajao_calvus,Primates,Pitheciidae,Cacajao,calvus,Round,Diurnal,,4448,,Herbivore,Herbivore,,,,
Callicebus_discolor,Callicebus_discolor,callicebus_personatus,Primates,Pitheciidae,Callicebus,discolor,Round,Diurnal,,1044.5,,Herbivore,Herbivore,,,,
Chiropotes_satanas,Chiropotes_satanas,chiropotes_albinasus,Primates,Pitheciidae,Chiropotes,satanas,Round,Diurnal,,2964.675,,Herbivore,Herbivore,,,,
Pithecia_milleri,Pithecia_milleri,pithecia_irrorata,Primates,Pitheciidae,Pithecia,milleri,Round,Diurnal,,2017.333333,,Herbivore,Herbivore,,,,
Tarsius_bancanus,Tarsius_bancanus,tarsius_bancanus,Primates,Tarsiidae,Tarsius,bancanus,Horizontal,Nocturnal,0,120.36,,Insectivore,Carnivore,,,,
Elephas_maximus,Elephas_maximus,elephas_maximus,Proboscidea,Elephantidae,Elephas,maximus,Round,Cathemeral,,3160000,,Herbivore,Herbivore,,,,
Loxodonta_africana,Loxodonta_africana,loxodonta_africana,Proboscidea,Elephantidae,Loxodonta,africana,Round,Cathemeral,,4400000,,Herbivore,Herbivore,,,,
Abrocoma_bennettii,Abrocoma_bennettii,abrocoma_bennettii,Rodentia,Abrocomidae,Abrocoma,bennettii,Vertical,Cathemeral,,253.5625,1,Herbivore,Herbivore,,,,
Zenkerella_insignis,Zenkerella_insignis,anomalurus,Rodentia,Anomaluridae,Zenkerella,insignis,Round,Cathemeral,,200,,Carnivore,Carnivore,,,,
Castor_canadensis,Castor_canadensis,castor_canadensis,Rodentia,Castoridae,Castor,canadensis,Round,Nocturnal,1,20410,,Herbivore,Herbivore,,,,
Cavia_magna,Cavia_magna,cavia_aperea,Rodentia,Caviidae,Cavia,magna,Round,Diurnal,,584.1666667,,Herbivore,Herbivore,,,,
Dolichotis_patagonum,Dolichotis_patagonum,dolichotis_patagonum,Rodentia,Caviidae,Dolichotis,patagonum,Vertical,Diurnal,,4800,1,Herbivore,Herbivore,,,,
Galea_musteloides,Galea_musteloides,galea_musteloides,Rodentia,Caviidae,Galea,musteloides,Vertical,Diurnal,,454.42,0,Herbivore,Herbivore,,,,
Kerodon_rupestris,Kerodon_rupestris,kerodon_rupestris,Rodentia,Caviidae,Kerodon,rupestris,Vertical,Crepuscular,,1052.6,0,Herbivore,Herbivore,,,,
Lagostomus_maximus,Lagostomus_maximus,lagostomus_maximus,Rodentia,Chinchillidae,Lagostomus,maximus,Vertical,Nocturnal,0,4647.5,1,Herbivore,Herbivore,,,,
Abrothrix_andinus,Abrothrix_andinus,abrothrix_andinus,Rodentia,Cricetidae,Abrothrix,andinus,Round,Cathemeral,,31.72857143,,Insectivore,Carnivore,,,,
Aegialomys_xanthaeolus,Aegialomys_xanthaeolus,aegialomys_xanthaeolus,Rodentia,Cricetidae,Aegialomys,xanthaeolus,Round,Cathemeral,,97.65,,Herbivore,Herbivore,,,,
Akodon_affinis,Akodon_affinis,akodon_affinis,Rodentia,Cricetidae,Akodon,affinis,Round,Mixed,,33.4075,,Insectivore,Carnivore,,,,
Arborimus_longicaudus,Arborimus_longicaudus,phenacomys_intermedius,Rodentia,Cricetidae,Arborimus,longicaudus,Round,Nocturnal,0,25.76666667,,Herbivore,Herbivore,,,,
Cerradomys_maracajuensis,Cerradomys_maracajuensis,cerradomys_subflavus,Rodentia,Cricetidae,Cerradomys,maracajuensis,Round,Nocturnal,0,89.3,,Herbivore,Herbivore,,,,
Chionomys_roberti,Chionomys_roberti,chionomys_roberti,Rodentia,Cricetidae,Chionomys,roberti,Round,Cathemeral,,80.33333333,,Herbivore,Herbivore,,,,
Euryoryzomys_emmonsae,Euryoryzomys_emmonsae,euryoryzomys_lamia,Rodentia,Cricetidae,Euryoryzomys,emmonsae,Round,Nocturnal,0,61.28333333,,Herbivore,Herbivore,,,,
Holochilus_brasiliensis,Holochilus_brasiliensis,holochilus_brasiliensis,Rodentia,Cricetidae,Holochilus,brasiliensis,Round,Nocturnal,0,176.6666667,,Herbivore,Herbivore,,,,
Lagurus_lagurus,Lagurus_lagurus,lagurus_lagurus,Rodentia,Cricetidae,Lagurus,lagurus,Round,Cathemeral,,20.3,,Herbivore,Herbivore,,,,
Megadontomys_cryophilus,Megadontomys_cryophilus,megadontomys_cryophilus,Rodentia,Cricetidae,Megadontomys,cryophilus,Round,Nocturnal,0,74.36666667,,Herbivore,Herbivore,,,,
Melanomys_caliginosus,Melanomys_caliginosus,melanomys_caliginosus,Rodentia,Cricetidae,Melanomys,caliginosus,Round,Nocturnal,0,49.33333333,,Herbivore,Herbivore,,,,
Mesocricetus_auratus,Mesocricetus_auratus,mesocricetus_auratus,Rodentia,Cricetidae,Mesocricetus,auratus,Round,Nocturnal,1,165.125,,Herbivore,Herbivore,,,,
Microtus_pennsylvanicus,Microtus_pennsylvanicus,microtus_pennsylvanicus,Rodentia,Cricetidae,Microtus,pennsylvanicus,Round,Cathemeral,,39.81846154,,Herbivore,Herbivore,,,,
Myodes_glareolus,Myodes_glareolus,myodes_glareolus,Rodentia,Cricetidae,Myodes,glareolus,Round,Mixed,,31.1,,Herbivore,Herbivore,,,,
Nephelomys_albigularis,Nephelomys_albigularis,nephelomys_albigularis,Rodentia,Cricetidae,Nephelomys,albigularis,Round,Nocturnal,0,113.7571429,,Herbivore,Herbivore,,,,
Nyctomys_sumichrasti,Nyctomys_sumichrasti,nyctomys_sumichrasti,Rodentia,Cricetidae,Nyctomys,sumichrasti,Round,Nocturnal,0,49.4,,Herbivore,Herbivore,,,,
Ondatra_zibethicus,Ondatra_zibethicus,ondatra_zibethicus,Rodentia,Cricetidae,Ondatra,zibethicus,Round,Cathemeral,,1065.7,,Herbivore,Herbivore,,,,
Scolomys_melanops,Scolomys_melanops,scolomys_juruaense,Rodentia,Cricetidae,Scolomys,melanops,Round,Nocturnal,0,26.5,,Herbivore,Herbivore,,,,
Scotinomys_xerampelinus,Scotinomys_xerampelinus,scotinomys_xerampelinus,Rodentia,Cricetidae,Scotinomys,xerampelinus,Round,Diurnal,,13.15,,Insectivore,Carnivore,,,,
Sigmodon_hispidus,Sigmodon_hispidus,sigmodon_hispidus,Rodentia,Cricetidae,Sigmodon,hispidus,Round,Cathemeral,,123.3692308,,Herbivore,Herbivore,,,,
Thaptomys_nigrita,Thaptomys_nigrita,thaptomys_nigrita,Rodentia,Cricetidae,Thaptomys,nigrita,Round,Diurnal,,19.9,,Insectivore,Carnivore,,,,
Thomasomys_vulcani,Thomasomys_vulcani,thomasomys_vulcani,Rodentia,Cricetidae,Thomasomys,vulcani,Round,Nocturnal,0,74.15428571,,Herbivore,Herbivore,,,,
Tylomys_bullaris,Tylomys_bullaris,tylomys_nudicaudus,Rodentia,Cricetidae,Tylomys,bullaris,Round,Nocturnal,0,221.3285714,,Herbivore,Herbivore,,,,
Wiedomys_pyrrhorhinos,Wiedomys_pyrrhorhinos,wiedomys_pyrrhorhinos,Rodentia,Cricetidae,Wiedomys,pyrrhorhinos,Round,Nocturnal,1,49.3,,Herbivore,Herbivore,,,,
Cuniculus_paca,Cuniculus_paca,cuniculus_paca,Rodentia,Cuniculidae,Cuniculus,paca,Vertical,Nocturnal,0,8499.95,0,Herbivore,Herbivore,,,,
Dasyprocta_azarae,Dasyprocta_azarae,dasyprocta_leporina,Rodentia,Dasyproctidae,Dasyprocta,azarae,Round,Diurnal,,2939.261538,,Herbivore,Herbivore,,,,
Myoprocta_acouchy,Myoprocta_acouchy,myoprocta_acouchy,Rodentia,Dasyproctidae,Myoprocta,acouchy,Round,Diurnal,,754,,Herbivore,Herbivore,,,,
Dinomys_branickii,Dinomys_branickii,dinomys_branickii,Rodentia,Dinomyidae,Dinomys,branickii,Vertical,Nocturnal,1,12500,0,Herbivore,Herbivore,,,,
Capromys_pilorides,Capromys_pilorides,capromys_pilorides,Rodentia,Echimyidae,Capromys,pilorides,Vertical,Nocturnal,1,2170,1,Mixed,Mixed,,,,
Diplomys_labilis,Diplomys_labilis,diplomys_labilis,Rodentia,Echimyidae,Diplomys,labilis,Vertical,Nocturnal,0,311,1,Herbivore,Herbivore,,,,
Geocapromys_brownii,Geocapromys_brownii,geocapromys_brownii,Rodentia,Echimyidae,Geocapromys,brownii,Vertical,Nocturnal,0,1150,1,Herbivore,Herbivore,,,,
Isothrix_bistriata,Isothrix_bistriata,isothrix_bistriata,Rodentia,Echimyidae,Isothrix,bistriata,Vertical,Nocturnal,0,306.2166667,1,Herbivore,Herbivore,,,,
Kannabateomys_amblyonyx,Kannabateomys_amblyonyx,kannabateomys_amblyonyx,Rodentia,Echimyidae,Kannabateomys,amblyonyx,Vertical,Nocturnal,1,600,1,Herbivore,Herbivore,,,,
Makalata_didelphoides,Makalata_didelphoides,makalata_didelphoides,Rodentia,Echimyidae,Makalata,didelphoides,Vertical,Nocturnal,0,315.6666667,1,Herbivore,Herbivore,,,,
Mesomys_hispidus,Mesomys_hispidus,mesomys_hispidus,Rodentia,Echimyidae,Mesomys,hispidus,Vertical,Nocturnal,0,142.175,1,Herbivore,Herbivore,,,,
Mysateles_prehensilis,Mysateles_prehensilis,mysateles_prehensilis,Rodentia,Echimyidae,Mysateles,prehensilis,Vertical,Nocturnal,0,1509,1,Herbivore,Herbivore,,,,
Pattonomys_semivillosus,Pattonomys_semivillosus,pattonomys_semivillosus,Rodentia,Echimyidae,Pattonomys,semivillosus,Vertical,Nocturnal,0,231.02,1,Herbivore,Herbivore,,,,
Plagiodontia_aedium,Plagiodontia_aedium,plagiodontia_aedium,Rodentia,Echimyidae,Plagiodontia,aedium,Vertical,Nocturnal,0,2630,1,Herbivore,Herbivore,,,,
Chaetomys_subspinosus,Chaetomys_subspinosus,chaetomys_subspinosus,Rodentia,Erethizontidae,Chaetomys,subspinosus,Vertical,Nocturnal,0,1300,0,Herbivore,Herbivore,,,,
Coendou_prehensilis,Coendou_prehensilis,coendou_bicolor,Rodentia,Erethizontidae,Coendou,prehensilis,Vertical,Nocturnal,0,1976.635714,0,Herbivore,Herbivore,,,,
Erethizon_dorsatum,Erethizon_dorsatum,erethizon_dorsatum,Rodentia,Erethizontidae,Erethizon,dorsatum,Vertical,Nocturnal,0,7085.3,0,Herbivore,Herbivore,,,,
Eliomys_quercinus,Eliomys_quercinus,eliomys_melanurus,Rodentia,Gliridae,Eliomys,quercinus,Round,Nocturnal,0,72.93333333,,Herbivore,Herbivore,,,,
Graphiurus_nagtglasii,Graphiurus_nagtglasii,graphiurus_murinus,Rodentia,Gliridae,Graphiurus,nagtglasii,Round,Nocturnal,0,29.19285714,,Mixed,Carnivore,,,,
Muscardinus_avellanarius,Muscardinus_avellanarius,muscardinus_avellanarius,Rodentia,Gliridae,Muscardinus,avellanarius,Round,Nocturnal,1,27.5,,Herbivore,Herbivore,,,,
Hystrix_javanica,Hystrix_javanica,hystrix_brachyura,Rodentia,Hystricidae,Hystrix,javanica,Round,Nocturnal,0,10816.4,,Herbivore,Herbivore,,,,
Bandicota_bengalensis,Bandicota_bengalensis,bandicota_bengalensis,Rodentia,Muridae,Bandicota,bengalensis,Round,Nocturnal,0,369.1666667,,Herbivore,Herbivore,,,,
Bullimus_bagobus,Bullimus_bagobus,bullimus_bagobus,Rodentia,Muridae,Bullimus,bagobus,Round,Nocturnal,0,415.1666667,,Herbivore,Herbivore,,,,
Bunomys_andrewsi,Bunomys_andrewsi,bunomys_andrewsi,Rodentia,Muridae,Bunomys,andrewsi,Round,Nocturnal,0,132.8333333,,Insectivore,Carnivore,,,,
Chiropodomys_gliroides,Chiropodomys_gliroides,chiropodomys_gliroides,Rodentia,Muridae,Chiropodomys,gliroides,Round,Nocturnal,0,28.5,,Herbivore,Herbivore,,,,
Crateromys_schadenbergi,Crateromys_schadenbergi,crateromys_heaneyi,Rodentia,Muridae,Crateromys,schadenbergi,Round,Nocturnal,0,700.95,,Herbivore,Herbivore,,,,
Cremnomys_cutchicus,Cremnomys_cutchicus,cremnomys_cutchicus,Rodentia,Muridae,Cremnomys,cutchicus,Round,Nocturnal,0,68.45,,Herbivore,Herbivore,,,,
Crossomys_moncktoni,Crossomys_moncktoni,crossomys_moncktoni,Rodentia,Muridae,Crossomys,moncktoni,Round,Diurnal,,165,,Insectivore,Carnivore,,,,
Dephomys_defua,Dephomys_defua,dephomys_defua,Rodentia,Muridae,Dephomys,defua,Round,Nocturnal,0,43.1,,Herbivore,Herbivore,,,,
Diomys_crumpi,Diomys_crumpi,millardia_kathleenae,Rodentia,Muridae,Diomys,crumpi,Round,Nocturnal,0,52.1,,Herbivore,Herbivore,,,,
Diplothrix_legata,Diplothrix_legata,diplothrix_legata,Rodentia,Muridae,Diplothrix,legata,Round,Nocturnal,0,505.9,,Herbivore,Herbivore,,,,
Haeromys_margarettae,Haeromys_margarettae,heteromys_desmarestianus,Rodentia,Muridae,Haeromys,margarettae,Round,Nocturnal,0,12.6,,Herbivore,Herbivore,,,,
Hydromys_chrysogaster,Hydromys_chrysogaster,hydromys_chrysogaster,Rodentia,Muridae,Hydromys,chrysogaster,Round,Nocturnal,0,326.15,,Carnivore,Carnivore,,,,
Hyomys_goliath,Hyomys_goliath,hyomys_goliath,Rodentia,Muridae,Hyomys,goliath,Round,Nocturnal,0,875,,Herbivore,Herbivore,,,,
Komodomys_rintjanus,Komodomys_rintjanus,rattus_praetor,Rodentia,Muridae,Komodomys,rintjanus,Round,Nocturnal,0,115,,Herbivore,Herbivore,,,,
Leggadina_forresti,Leggadina_forresti,leggadina_forresti,Rodentia,Muridae,Leggadina,forresti,Round,Nocturnal,0,18.75,,Herbivore,Herbivore,,,,
Lenothrix_canus,Lenothrix_canus,niviventer_eha,Rodentia,Muridae,Lenothrix,canus,Round,Nocturnal,0,135,,Herbivore,Herbivore,,,,
Leopoldamys_ciliatus,Leopoldamys_ciliatus,leopoldamys_edwardsi,Rodentia,Muridae,Leopoldamys,ciliatus,Round,Nocturnal,0,363.3,,Herbivore,Herbivore,,,,
Lorentzimys_nouhuysi,Lorentzimys_nouhuysi,lorentzimys_nouhuysi,Rodentia,Muridae,Lorentzimys,nouhuysi,Round,Cathemeral,,14.2,,Herbivore,Herbivore,,,,
Madromys_blanfordi,Madromys_blanfordi,millardia_meltada,Rodentia,Muridae,Madromys,blanfordi,Round,Nocturnal,0,141,,Herbivore,Herbivore,,,,
Mastacomys_fuscus,Mastacomys_fuscus,mastacomys_fuscus,Rodentia,Muridae,Mastacomys,fuscus,Round,Nocturnal,1,122,,Herbivore,Herbivore,,,,
Niviventer_cremoriventer,Niviventer_cremoriventer,niviventer_cremoriventer,Rodentia,Muridae,Niviventer,cremoriventer,Round,Nocturnal,0,86.31176471,,Herbivore,Herbivore,,,,
Notomys_alexis,Notomys_alexis,notomys,Rodentia,Muridae,Notomys,alexis,Round,Nocturnal,0,39.2,,Herbivore,Herbivore,,,,
Oenomys_hypoxanthus,Oenomys_hypoxanthus,oenomys_hypoxanthus,Rodentia,Muridae,Oenomys,hypoxanthus,Round,Cathemeral,,87.75,,Herbivore,Herbivore,,,,
Phloeomys_cumingi,Phloeomys_cumingi,phloeomys_cumingi,Rodentia,Muridae,Phloeomys,cumingi,Round,Nocturnal,0,2098.15,,Herbivore,Herbivore,,,,
Pogonomys_loriae,Pogonomys_loriae,pogonomys_loriae,Rodentia,Muridae,Pogonomys,loriae,Round,Nocturnal,0,74.3,,Herbivore,Herbivore,,,,
Psammomys_obesus,Psammomys_obesus,psammomys_obesus,Rodentia,Muridae,Psammomys,obesus,Round,Cathemeral,,256.35,,Herbivore,Herbivore,,,,
Pseudomys_albocinereus,Pseudomys_albocinereus,pseudomys,Rodentia,Muridae,Pseudomys,albocinereus,Round,Nocturnal,0,36.33809524,,Herbivore,Herbivore,,,,
Taeromys_punicans,Taeromys_punicans,taeromys_celebensis,Rodentia,Muridae,Taeromys,punicans,Round,Nocturnal,0,235.7714286,,Herbivore,Herbivore,,,,
Tatera_indica,Tatera_indica,tatera_indica,Rodentia,Muridae,Tatera,indica,Round,Nocturnal,1,166.3,,Herbivore,Herbivore,,,,
Taterillus_emini,Taterillus_emini,taterillus_arenarius,Rodentia,Muridae,Taterillus,emini,Round,Nocturnal,0,50.625,,Herbivore,Herbivore,,,,
Tokudaia_osimensis,Tokudaia_osimensis,tokudaia_osimensis,Rodentia,Muridae,Tokudaia,osimensis,Round,Nocturnal,0,199.1666667,,Herbivore,Herbivore,,,,
Zyzomys_argurus,Zyzomys_argurus,zyzomys_argurus,Rodentia,Muridae,Zyzomys,argurus,Round,Nocturnal,0,97.8,,Herbivore,Herbivore,,,,
Hypogeomys_antimena,Hypogeomys_antimena,hypogeomys_antimena,Rodentia,Nesomyidae,Hypogeomys,antimena,Round,Nocturnal,0,1250,,Herbivore,Herbivore,,,,
Octodon_degus,Octodon_degus,octodon_degus,Rodentia,Octodontidae,Octodon,degus,Vertical,Cathemeral,,220.75,1,Herbivore,Herbivore,,,,
Platacanthomys_lasiurus,Platacanthomys_lasiurus,typhlomys_chapensis,Rodentia,Platacanthomyidae,Platacanthomys,lasiurus,Round,Nocturnal,0,75,,Herbivore,Herbivore,,,,
Ammospermophilus_leucurus,Ammospermophilus_leucurus,ammospermophilus_harrisii,Rodentia,Sciuridae,Ammospermophilus,leucurus,Horizontal,Diurnal,,128.3,,Herbivore,Herbivore,,,,
Callosciurus_erythraeus,Callosciurus_erythraeus,callosciurus_erythraeus,Rodentia,Sciuridae,Callosciurus,erythraeus,Horizontal,Diurnal,,262.9666667,,Herbivore,Herbivore,,,,
Cynomys_ludovicianus,Cynomys_ludovicianus,cynomys_gunnisoni,Rodentia,Sciuridae,Cynomys,ludovicianus,Horizontal,Diurnal,,999.5,,Herbivore,Herbivore,,,,
Dremomys_rufigenis,Dremomys_rufigenis,dremomys_lokriah,Rodentia,Sciuridae,Dremomys,rufigenis,Horizontal,Diurnal,,211.9333333,,Herbivore,Herbivore,,,,
Exilisciurus_concinnus,Exilisciurus_concinnus,exilisciurus_concinnus,Rodentia,Sciuridae,Exilisciurus,concinnus,Horizontal,Diurnal,,23.3,,Herbivore,Herbivore,,,,
Funambulus_tristriatus,Funambulus_tristriatus,funambulus_layardi,Rodentia,Sciuridae,Funambulus,tristriatus,Horizontal,Diurnal,,117.08,,Herbivore,Herbivore,,,,
Marmota_caligata,Marmota_caligata,marmota_baibacina,Rodentia,Sciuridae,Marmota,caligata,Horizontal,Diurnal,,4964.05,,Herbivore,Herbivore,,,,
Otospermophilus_beecheyi,Otospermophilus_beecheyi,otospermophilus_beecheyi,Rodentia,Sciuridae,Otospermophilus,beecheyi,Horizontal,Diurnal,,635.05,,Herbivore,Herbivore,,,,
Paraxerus_palliatus,Paraxerus_palliatus,paraxerus_alexandri,Rodentia,Sciuridae,Paraxerus,palliatus,Horizontal,Diurnal,,269.3363636,,Herbivore,Herbivore,,,,
Prosciurillus_weberi,Prosciurillus_weberi,prosciurillus_murinus,Rodentia,Sciuridae,Prosciurillus,weberi,Horizontal,Diurnal,,127.12,,Herbivore,Herbivore,,,,
Protoxerus_stangeri,Protoxerus_stangeri,protoxerus_stangeri,Rodentia,Sciuridae,Protoxerus,stangeri,Horizontal,Diurnal,,485.75,,Herbivore,Herbivore,,,,
Ratufa_affinis,Ratufa_affinis,ratufa_affinis,Rodentia,Sciuridae,Ratufa,affinis,Horizontal,Diurnal,,1398.35,,Herbivore,Herbivore,,,,
Rheithrosciurus_macrotis,Rheithrosciurus_macrotis,rheithrosciurus_macrotis,Rodentia,Sciuridae,Rheithrosciurus,macrotis,Horizontal,Diurnal,,1225,,Herbivore,Herbivore,,,,
Sciurus_niger,Sciurus_niger,sciurus_niger,Rodentia,Sciuridae,Sciurus,niger,Horizontal,Diurnal,,599.35,,Herbivore,Herbivore,,,,
Spermophilus_major,Spermophilus_major,spermophilus_alashanicus,Rodentia,Sciuridae,Spermophilus,major,Horizontal,Diurnal,,351.2066667,,Herbivore,Herbivore,,,,
Tamias_striatus,Tamias_striatus,tamias_striatus,Rodentia,Sciuridae,Tamias,striatus,Round,Diurnal,,111.9,,Herbivore,Herbivore,,,,
Thryonomys_gregorianus,Thryonomys_gregorianus,thryonomys_swinderianus,Rodentia,Thryonomyidae,Thryonomys,gregorianus,Vertical,Nocturnal,1,2943.55,0,Herbivore,Herbivore,,,,
Anathana_ellioti,Anathana_ellioti,anathana_ellioti,Scandentia,Tupaiidae,Anathana,ellioti,Horizontal,Diurnal,,160,,Insectivore,Carnivore,,,,
Tupaia_belangeri,Tupaia_belangeri,tupaia_belangeri,Scandentia,Tupaiidae,Tupaia,belangeri,Horizontal,Diurnal,,170.7866667,,Insectivore,Carnivore,,,,
Orycteropus_afer,Orycteropus_afer,orycteropus_afer,Tubulidentata,Orycteropodidae,Orycteropus,afer,Round,Nocturnal,1,52350.4,,Insectivore,Carnivore,,,,